date,ANGL,BNDX,BWX,CMF,CWB,EMB,FALN,IAGG,ICVT,IGOV,PFF,PFFD,VTEC,VWOB
2021-09-23,33.33,57.28,29.14,62.4,87.93,111.4,30.34,55.31,102.74,52.16,39.24,26.0,,79.19
2021-09-24,33.28,57.14,29.0,62.4,87.82,110.94,30.32,55.22,102.72,51.92,39.08,25.88,,78.73
2021-09-27,33.24,57.11,28.98,62.37,87.53,110.61,30.29,55.22,102.57,51.82,38.95,25.82,,78.59
2021-09-28,33.02,56.99,28.81,62.17,85.75,109.98,30.11,55.06,100.41,51.49,38.55,25.58,,78.16
2021-09-29,33.1,57.03,28.6,62.14,85.34,110.08,30.16,55.14,99.67,51.17,38.95,25.8,,78.24
2021-09-30,33.05,56.96,28.73,62.08,85.35,110.06,30.11,55.02,99.74,51.35,38.81,25.76,,78.3
2021-10-01,32.98,57.02,28.8,62.04,85.78,109.69,30.04,55.18,100.58,51.5,38.64,25.75,,77.97
2021-10-04,32.89,56.95,28.79,62.0,84.53,109.16,29.99,55.08,99.04,51.55,38.37,25.54,,77.59
2021-10-05,32.84,56.77,28.67,62.01,85.18,109.23,29.96,54.93,99.63,51.33,38.36,25.37,,77.73
2021-10-06,32.83,56.85,28.65,62.0,85.43,109.0,29.94,54.94,99.73,51.21,38.48,25.48,,77.55
2021-10-07,32.82,56.75,28.62,61.96,86.09,109.12,29.92,54.92,101.01,51.19,38.49,25.47,,77.64
2021-10-08,32.67,56.66,28.53,61.94,85.68,108.85,29.76,54.82,100.3,51.12,38.49,25.47,,77.37
2021-10-11,32.56,56.59,28.33,61.85,85.2,108.55,29.68,54.69,99.83,50.86,38.45,25.38,,77.16
2021-10-12,32.72,56.57,28.41,61.98,85.81,108.9,29.78,54.79,100.55,50.85,38.59,25.57,,77.29
2021-10-13,32.82,56.78,28.61,61.95,86.42,109.59,29.86,54.87,101.42,51.17,38.81,25.7,,77.89
2021-10-14,32.97,56.96,28.71,62.0,87.21,110.06,29.98,55.03,102.06,51.44,39.09,25.88,,78.13
2021-10-15,32.92,56.84,28.59,61.96,87.33,109.93,29.95,54.9,102.22,51.29,38.96,25.79,,78.04
2021-10-18,32.92,56.69,28.57,61.98,87.54,109.57,29.95,54.87,102.44,51.16,39.0,25.77,,77.86
2021-10-19,32.93,56.64,28.59,61.93,87.9,109.49,29.96,54.73,102.88,51.2,38.97,25.75,,77.83
2021-10-20,32.91,56.63,28.65,61.96,88.15,109.55,29.95,54.74,102.97,51.31,39.17,25.9,,77.84
2021-10-21,32.95,56.54,28.51,61.82,88.54,109.08,29.98,54.71,103.38,51.1,39.14,25.89,,77.53
2021-10-22,32.89,56.66,28.66,61.83,87.84,109.51,29.94,54.78,102.38,51.28,39.06,25.83,,77.79
2021-10-25,32.94,56.69,28.59,61.86,87.99,109.59,30.03,54.8,102.81,51.21,39.2,25.87,,77.9
2021-10-26,33.01,56.72,28.6,61.79,87.75,109.82,30.09,54.83,102.21,51.19,39.23,25.9,,78.06
2021-10-27,33.04,56.98,28.71,61.91,86.96,110.47,30.1,55.07,101.28,51.41,39.22,25.93,,78.42
2021-10-28,33.15,56.85,28.76,61.93,87.93,110.26,30.18,54.93,102.41,51.56,39.23,25.92,,78.29
2021-10-29,33.08,56.67,28.58,62.0,87.98,109.89,30.13,54.87,102.42,51.11,39.37,25.97,,78.0
2021-11-01,32.93,56.62,28.5,61.85,88.82,109.23,30.0,54.83,103.46,51.22,39.3,26.03,,77.59
2021-11-02,32.98,56.83,28.56,61.92,88.52,109.37,30.06,54.97,102.96,51.25,39.34,26.03,,77.7
2021-11-03,33.05,56.77,28.57,62.0,88.51,109.2,30.12,55.0,102.94,51.4,39.27,25.93,,77.51
2021-11-04,33.14,56.98,28.61,62.04,88.77,109.99,30.2,55.13,103.1,51.4,39.4,25.98,,78.05
2021-11-05,33.35,57.22,28.77,62.1,89.14,110.82,30.33,55.45,103.74,51.65,39.41,26.0,,78.65
2021-11-08,33.3,57.04,28.75,62.14,89.51,110.72,30.3,55.3,104.33,51.62,39.32,25.95,,78.67
2021-11-09,33.41,57.3,28.89,62.3,89.34,110.92,30.37,55.42,104.35,51.87,39.26,25.92,,78.73
2021-11-10,33.23,57.0,28.47,62.25,88.11,109.3,30.2,55.14,102.78,51.06,38.89,25.68,,77.72
2021-11-11,33.18,56.92,28.39,62.21,88.49,109.3,30.14,55.14,103.16,51.01,38.89,25.64,,77.6
2021-11-12,33.12,57.01,28.48,62.2,88.94,109.58,30.15,55.23,103.59,51.05,38.87,25.65,,77.72
2021-11-15,33.02,56.94,28.26,62.14,88.74,109.29,30.01,55.04,103.49,50.71,38.85,25.57,,77.63
2021-11-16,33.04,56.86,28.18,62.05,89.07,109.04,30.07,55.14,103.7,50.5,38.8,25.57,,77.47
2021-11-17,33.01,56.95,28.29,62.07,88.26,109.16,30.05,55.16,102.56,50.65,38.79,25.55,,77.59
2021-11-18,32.99,57.0,28.37,62.12,87.63,109.44,30.02,55.2,101.66,50.88,38.82,25.55,,77.78
2021-11-19,33.01,57.22,28.33,62.22,87.26,109.41,30.04,55.35,101.09,50.79,38.86,25.55,,77.78
2021-11-22,32.82,57.04,28.02,62.19,86.08,108.28,29.86,55.15,99.69,50.33,38.59,25.44,,77.1
2021-11-23,32.71,56.74,27.99,62.07,85.42,107.6,29.76,55.01,98.93,50.07,38.54,25.38,,76.56
2021-11-24,32.73,56.81,27.94,62.18,86.09,107.77,29.73,55.08,99.83,49.98,38.66,25.44,,76.71
2021-11-26,32.44,57.15,28.29,62.29,85.35,106.57,29.47,55.3,97.94,50.63,38.37,25.27,,75.86
2021-11-29,32.59,57.06,28.23,62.3,85.26,107.49,29.63,55.29,98.48,50.64,38.58,25.36,,76.48
2021-11-30,32.42,57.23,28.36,62.37,83.95,107.47,29.5,55.49,97.17,50.87,38.41,25.25,,76.53
2021-12-01,32.36,57.25,28.4,62.33,82.08,107.86,29.4,55.47,89.01,50.88,38.32,25.28,,76.77
2021-12-02,32.51,57.28,28.35,62.28,82.74,108.5,29.54,55.49,89.48,50.8,38.51,25.44,,77.22
2021-12-03,32.56,57.37,28.33,62.31,81.64,108.64,29.57,55.64,88.11,50.92,38.29,25.24,,77.27
2021-12-06,32.66,57.34,28.35,62.24,81.93,108.74,29.61,55.59,88.53,50.8,38.52,25.36,,77.47
2021-12-07,32.85,57.21,28.39,62.24,83.63,109.32,29.79,55.55,90.39,50.83,38.8,25.51,,77.75
2021-12-08,32.92,57.15,28.42,62.28,84.58,109.16,29.88,55.48,91.54,50.97,38.85,25.48,,77.61
2021-12-09,32.79,57.31,28.39,62.26,83.31,109.09,29.78,55.5,90.02,50.95,38.65,25.42,,77.6
2021-12-10,32.86,57.31,28.43,62.27,83.31,109.11,29.82,55.63,89.64,50.98,38.69,25.42,,77.61
2021-12-13,32.87,57.44,28.38,62.36,82.55,109.56,29.82,55.71,88.77,50.89,38.72,25.41,,77.95
2021-12-14,32.85,57.41,28.3,62.37,81.85,109.28,29.78,55.64,87.95,50.72,38.51,25.27,,77.81
2021-12-15,32.94,57.33,28.34,62.34,82.63,108.93,29.87,55.58,88.54,50.87,38.72,25.38,,77.52
2021-12-16,32.88,57.24,28.46,62.23,81.49,108.67,29.76,55.01,86.93,50.77,38.84,25.53,,77.61
2021-12-17,32.83,57.4,28.34,62.33,81.31,108.48,29.73,55.05,87.64,50.53,38.75,25.48,,77.51
2021-12-20,32.77,57.35,28.28,62.31,80.7,107.9,29.66,55.01,86.86,50.47,38.53,25.33,,77.21
2021-12-21,32.92,57.06,28.21,62.27,82.49,108.22,29.78,54.77,88.9,50.27,38.83,25.48,,77.32
2021-12-22,33.04,57.1,28.27,62.3,82.79,108.34,29.91,54.77,89.25,50.44,39.03,25.61,,77.44
2021-12-23,33.07,55.36,28.24,62.29,83.27,108.5,29.98,54.66,89.65,50.35,39.0,25.62,,77.31
2021-12-27,33.12,55.35,28.26,62.28,83.29,108.9,30.0,54.64,89.84,50.25,39.03,25.63,,77.48
2021-12-28,33.14,55.33,28.15,62.32,82.8,108.8,29.98,54.62,89.21,50.24,39.09,25.67,,77.56
2021-12-29,32.93,55.11,28.16,62.21,82.74,108.69,29.9,54.48,88.97,50.17,39.17,25.7,,77.52
2021-12-30,32.94,55.16,28.14,62.3,83.02,109.2,29.92,54.58,89.62,50.11,39.33,25.68,,77.84
2021-12-31,32.97,55.16,28.27,62.33,82.96,109.06,29.97,54.53,89.18,50.29,39.43,25.76,,77.66
2022-01-03,32.87,54.99,27.93,62.27,82.66,107.98,29.9,54.31,89.29,49.76,39.14,25.61,,76.89
2022-01-04,32.8,55.0,27.93,62.19,81.93,107.92,29.85,54.3,88.1,49.8,38.94,25.45,,76.97
2022-01-05,32.46,54.89,27.81,62.13,80.3,106.89,29.53,54.24,86.6,49.74,38.58,25.2,,76.06
2022-01-06,32.47,54.77,27.76,62.02,80.33,106.79,29.53,54.19,86.23,49.47,38.79,25.37,,76.0
2022-01-07,32.35,54.78,27.83,61.98,79.7,106.58,29.41,54.13,85.88,49.7,38.63,25.35,,75.79
2022-01-10,32.35,54.73,27.86,61.8,79.98,106.22,29.43,54.03,85.91,49.66,38.61,25.26,,75.68
2022-01-11,32.51,54.75,27.91,61.74,80.68,106.44,29.63,54.05,86.97,49.83,38.81,25.41,,75.73
2022-01-12,32.55,54.82,28.14,61.73,80.72,106.22,29.62,54.09,86.98,50.26,38.88,25.44,,75.67
2022-01-13,32.46,54.91,28.22,61.74,79.51,105.86,29.58,54.24,85.66,50.38,38.85,25.45,,75.51
2022-01-14,32.41,54.77,28.08,61.61,79.22,104.93,29.51,54.1,85.38,50.01,38.62,25.35,,74.92
2022-01-18,32.16,54.5,27.78,61.41,78.01,103.96,29.29,53.91,84.12,49.38,38.32,25.15,,74.25
2022-01-19,32.13,54.5,27.91,61.41,77.4,104.66,29.32,53.93,83.64,49.63,38.3,25.18,,74.61
2022-01-20,32.04,54.65,27.85,61.38,77.41,105.03,29.21,54.02,83.37,49.52,38.16,25.1,,74.99
2022-01-21,32.0,54.76,27.97,61.25,75.94,105.59,29.2,54.12,82.14,49.75,38.06,25.03,,75.24
2022-01-24,31.98,54.77,27.9,61.01,76.0,104.88,29.2,54.16,82.1,49.63,38.02,25.0,,74.75
2022-01-25,31.85,54.63,27.83,60.97,74.97,105.04,29.05,54.06,81.12,49.55,37.71,24.87,,74.89
2022-01-26,31.68,54.44,27.51,60.76,74.62,104.49,28.84,53.89,80.93,49.12,37.39,24.62,,74.44
2022-01-27,31.55,54.56,27.55,60.58,74.0,105.08,28.7,54.06,80.22,48.83,36.93,24.21,,74.88
2022-01-28,31.63,54.6,27.42,60.4,74.79,105.41,28.75,53.97,80.93,48.78,37.05,24.32,,75.06
2022-01-31,31.61,54.4,27.53,60.45,76.82,105.38,28.76,53.8,82.73,48.98,37.65,24.67,,75.08
2022-02-01,31.62,54.31,27.6,60.56,77.29,105.28,28.76,53.83,83.84,49.17,37.56,24.65,,75.02
2022-02-02,31.65,54.35,27.7,60.68,76.85,105.76,28.75,53.83,83.07,49.28,37.33,24.51,,75.34
2022-02-03,31.34,54.0,27.63,60.78,75.6,104.85,28.47,53.46,81.56,49.24,37.06,24.2,,74.89
2022-02-04,31.09,53.8,27.53,60.59,76.61,104.35,28.26,53.3,82.71,49.03,36.76,23.97,,74.43
2022-02-07,31.07,53.66,27.47,60.69,76.52,104.23,28.33,53.23,83.1,48.94,36.71,23.93,,74.32
2022-02-08,31.05,53.5,27.34,60.49,76.99,103.96,28.27,53.1,83.73,48.65,36.59,23.77,,74.06
2022-02-09,31.2,53.64,27.5,60.51,78.51,104.33,28.4,53.21,85.35,48.81,36.78,23.95,,74.39
2022-02-10,30.8,53.26,27.24,60.08,78.11,102.96,28.11,52.86,85.17,48.42,36.28,23.58,,73.45
2022-02-11,30.73,53.5,27.31,60.08,76.93,102.36,28.05,53.14,83.62,48.54,35.91,23.25,,73.03
2022-02-14,30.64,53.23,27.16,59.94,76.47,102.75,28.01,52.87,83.43,48.03,35.66,23.11,,73.33
2022-02-15,30.61,53.22,27.21,59.85,77.66,103.14,27.99,52.82,84.85,48.24,35.91,23.27,,73.48
2022-02-16,30.83,53.33,27.32,59.85,77.44,103.44,28.1,52.95,84.59,48.45,36.17,23.47,,73.72
2022-02-17,30.72,53.42,27.37,60.08,76.09,102.96,28.04,53.03,83.06,48.44,35.95,23.37,,73.43
2022-02-18,30.73,53.59,27.4,60.09,75.4,103.0,28.04,53.15,82.04,48.38,36.03,23.45,,73.53
2022-02-22,30.65,53.36,27.33,60.1,74.52,101.7,27.97,52.92,80.8,48.33,35.84,23.34,,72.62
2022-02-23,30.49,53.34,27.23,60.08,73.65,99.99,27.84,52.84,79.81,48.13,35.65,23.23,,71.57
2022-02-24,30.66,53.38,27.0,60.14,74.83,98.98,27.99,52.9,81.34,47.96,35.85,23.37,,71.02
2022-02-25,30.79,53.31,27.19,60.12,76.16,100.17,28.08,52.93,82.43,48.1,36.27,23.59,,71.75
2022-02-28,30.9,53.67,27.2,60.17,75.9,99.2,28.14,53.07,83.06,48.29,36.4,23.68,,71.15
2022-03-01,30.78,54.23,27.19,60.29,75.6,97.32,27.99,53.57,82.44,48.64,36.04,23.56,,69.7
2022-03-02,30.79,53.79,26.92,60.11,76.14,97.11,28.01,53.01,83.07,48.16,36.19,23.64,,69.7
2022-03-03,30.7,53.63,26.95,60.06,75.35,96.69,27.96,53.09,82.1,48.02,36.15,23.49,,69.56
2022-03-04,30.48,54.06,26.9,60.02,74.3,94.61,27.77,53.37,80.69,48.02,35.84,23.31,,68.14
2022-03-07,30.2,53.88,26.68,59.92,72.84,93.87,27.52,53.27,78.81,47.56,35.49,23.04,,67.86
2022-03-08,30.06,53.35,26.52,59.63,72.71,94.69,27.44,53.02,78.79,47.27,35.36,23.03,,68.31
2022-03-09,30.26,53.16,26.61,59.56,74.08,95.61,27.57,52.83,80.72,47.55,35.75,23.11,,69.01
2022-03-10,30.09,52.93,26.44,59.42,73.96,95.75,27.4,52.62,80.19,47.11,35.58,23.06,,68.98
2022-03-11,29.94,53.02,26.29,59.35,72.79,95.01,27.29,52.66,78.78,46.9,35.37,22.92,,68.4
2022-03-14,29.63,52.62,26.03,58.75,71.53,94.81,27.07,52.38,77.44,46.41,34.86,22.56,,68.11
2022-03-15,29.89,52.66,26.04,58.75,72.49,95.38,27.28,52.43,77.93,46.62,35.21,22.72,,68.56
2022-03-16,30.24,52.67,26.29,58.86,74.06,97.33,27.62,52.44,80.07,46.88,35.7,22.98,,69.68
2022-03-17,30.4,52.75,26.41,58.98,74.86,97.95,27.73,52.45,81.07,47.03,35.95,23.21,,69.99
2022-03-18,30.49,52.83,26.38,59.02,75.96,97.55,27.81,52.6,82.48,46.98,36.17,23.36,,69.81
2022-03-21,30.14,52.6,26.06,58.71,75.61,95.84,27.52,52.2,81.95,46.57,35.89,23.08,,68.64
2022-03-22,30.2,52.42,26.09,58.62,76.49,95.67,27.56,52.05,83.13,46.44,35.81,23.08,,68.59
2022-03-23,30.15,52.51,26.12,58.56,75.94,95.75,27.52,52.2,82.42,46.54,35.75,23.01,,68.72
2022-03-24,30.17,52.43,26.0,58.4,76.62,96.13,27.53,52.02,83.3,46.3,35.86,23.09,,68.86
2022-03-25,29.97,52.23,25.88,58.19,76.52,95.91,27.39,51.91,82.85,46.11,35.62,22.93,,68.68
2022-03-28,30.1,52.2,25.82,58.05,76.86,96.84,27.49,52.02,83.28,45.96,35.91,23.05,,69.45
2022-03-29,30.58,52.12,25.86,58.08,77.85,97.79,27.84,51.94,84.5,46.19,36.29,23.38,,70.13
2022-03-30,30.47,52.1,26.05,58.2,77.57,97.86,27.76,51.9,84.0,46.44,36.34,23.4,,69.86
2022-03-31,30.4,52.44,26.03,58.18,76.95,97.76,27.76,52.13,83.32,46.45,36.42,23.5,,69.86
2022-04-01,30.29,52.32,25.9,58.09,77.22,97.73,27.65,52.27,83.74,46.3,36.2,23.34,,69.93
2022-04-04,30.53,52.44,25.97,58.06,78.0,98.11,27.85,52.2,84.61,46.2,36.26,23.36,,70.12
2022-04-05,30.11,51.99,25.71,57.88,76.71,96.53,27.51,51.88,83.27,45.62,35.68,22.89,,69.05
2022-04-06,29.88,51.87,25.51,57.73,75.91,96.24,27.35,51.78,82.09,45.41,35.49,22.75,,68.91
2022-04-07,29.76,51.79,25.44,57.59,75.8,95.96,27.19,51.72,81.83,45.21,35.64,22.88,,68.6
2022-04-08,29.56,51.69,25.36,57.38,75.38,95.13,27.03,51.57,81.42,45.09,35.4,22.68,,67.93
2022-04-11,29.34,51.37,25.0,57.08,74.86,94.0,26.84,51.4,81.39,44.79,35.04,22.39,,67.23
2022-04-12,29.49,51.5,25.24,57.11,74.84,94.35,26.99,51.41,81.22,44.7,34.99,22.44,,67.4
2022-04-13,29.63,51.51,25.25,57.0,75.85,94.59,27.14,51.48,82.41,44.9,35.09,22.42,,67.58
2022-04-14,29.43,51.35,25.16,56.75,75.35,93.71,26.95,51.34,81.84,44.58,34.93,22.3,,67.0
2022-04-18,29.33,51.33,25.03,56.62,74.77,93.66,26.87,51.22,81.19,44.36,34.77,22.24,,66.95
2022-04-19,29.28,51.23,24.86,56.39,75.37,93.29,26.83,51.09,81.84,43.99,34.77,22.16,,66.76
2022-04-20,29.36,51.31,25.03,56.68,74.77,93.93,26.88,51.32,81.25,44.52,35.0,22.36,,67.11
2022-04-21,29.12,51.12,24.83,56.55,73.65,93.08,26.69,51.1,79.75,44.18,34.56,22.1,,66.51
2022-04-22,28.96,51.03,24.66,56.51,72.56,92.09,26.57,51.01,78.49,43.85,34.33,21.87,,65.88
2022-04-25,29.19,51.23,24.74,56.48,72.93,93.17,26.76,51.21,79.21,43.79,34.41,21.97,,66.55
2022-04-26,29.0,51.32,24.7,56.45,71.52,92.53,26.63,51.27,77.74,43.77,34.1,21.88,,66.28
2022-04-27,28.93,51.17,24.44,56.54,71.26,92.28,26.5,51.34,77.43,43.4,33.87,21.6,,65.95
2022-04-28,29.05,51.05,24.12,56.49,72.09,92.45,26.64,51.21,78.08,43.06,34.23,21.94,,66.13
2022-04-29,28.65,50.83,24.2,56.39,70.93,90.88,26.3,50.93,77.08,42.92,33.95,21.73,,65.06
2022-05-02,28.55,50.66,24.03,56.18,70.93,90.02,26.18,50.76,77.37,42.68,33.31,21.28,,64.42
2022-05-03,28.6,50.73,24.1,56.19,71.14,90.4,26.3,50.76,77.31,42.7,33.42,21.35,,64.75
2022-05-04,28.96,50.83,24.42,56.27,72.15,91.95,26.57,51.0,78.11,43.11,34.16,21.75,,65.75
2022-05-05,28.43,50.56,24.04,56.16,70.09,90.57,26.09,50.69,75.97,42.45,33.5,21.37,,64.89
2022-05-06,28.28,50.27,23.92,55.85,68.84,89.35,25.96,50.5,74.18,42.16,33.14,21.09,,64.07
2022-05-09,28.02,50.37,23.78,55.77,66.33,88.56,25.7,50.64,70.93,42.25,32.68,20.71,,63.52
2022-05-10,28.17,50.66,23.82,55.7,66.09,89.0,25.8,50.7,70.67,42.27,32.89,20.96,,63.79
2022-05-11,28.02,50.83,23.81,55.66,64.96,89.39,25.71,50.9,69.65,42.49,32.79,20.82,,64.0
2022-05-12,28.08,51.0,23.93,55.62,64.99,89.45,25.7,51.18,69.31,42.41,32.82,20.99,,64.04
2022-05-13,28.14,50.84,23.81,55.54,66.67,89.3,25.72,51.0,71.4,42.33,33.13,21.13,,64.1
2022-05-16,28.12,50.91,23.88,55.62,66.3,88.82,25.69,51.0,70.98,42.49,33.31,21.33,,63.7
2022-05-17,28.04,50.61,23.91,55.41,67.78,89.14,25.59,50.78,72.81,42.56,33.37,21.29,,64.03
2022-05-18,27.82,50.71,23.98,55.47,66.73,88.57,25.37,50.83,72.22,42.38,32.97,21.06,,63.62
2022-05-19,28.02,50.7,24.21,55.6,66.64,89.05,25.56,50.91,71.94,42.94,33.1,21.18,,63.88
2022-05-20,28.06,50.72,24.19,55.78,66.9,89.63,25.56,50.84,72.16,42.8,32.96,21.11,,64.3
2022-05-23,28.07,50.6,24.29,55.94,67.24,89.69,25.56,50.73,72.2,43.02,33.12,21.16,,64.43
2022-05-24,28.32,50.69,24.5,56.46,65.98,90.47,25.76,50.9,71.2,43.29,33.3,21.35,,64.96
2022-05-25,28.62,50.84,24.43,56.88,66.77,91.27,26.03,50.93,71.57,43.25,33.85,21.75,,65.4
2022-05-26,29.0,50.74,24.37,57.08,67.99,91.57,26.38,50.96,73.08,43.22,34.25,22.03,,65.58
2022-05-27,29.34,50.83,24.45,57.4,69.17,91.72,26.64,51.0,74.37,43.26,34.97,22.48,,65.85
2022-05-31,29.09,50.45,24.31,57.43,68.73,91.25,26.46,50.6,73.66,42.9,34.75,22.25,,65.51
2022-06-01,28.86,50.28,24.0,57.44,68.29,90.75,26.29,50.43,73.42,42.57,34.47,22.25,,65.1
2022-06-02,28.98,50.16,24.28,57.54,69.4,91.63,26.41,50.32,74.66,42.76,34.64,22.26,,65.62
2022-06-03,28.73,50.02,24.02,57.45,68.76,91.01,26.22,50.2,73.91,42.48,34.52,22.11,,65.19
2022-06-06,28.52,49.89,23.94,57.32,68.92,89.81,26.04,50.02,74.2,42.14,34.44,22.01,,64.39
2022-06-07,28.63,49.98,23.93,57.35,69.51,90.34,26.12,50.17,74.64,42.29,34.64,22.23,,64.77
2022-06-08,28.37,49.76,23.72,57.13,69.22,89.45,25.89,49.98,74.38,41.97,34.39,22.09,,64.13
2022-06-09,28.14,49.47,23.4,56.86,68.21,88.71,25.72,49.85,73.36,41.31,33.91,21.78,,63.65
2022-06-10,27.51,49.19,23.18,56.56,66.89,87.22,25.16,49.61,72.19,40.85,33.3,21.34,,62.65
2022-06-13,26.53,48.47,22.64,55.37,64.09,84.91,24.32,49.11,68.94,39.93,32.21,20.58,,60.88
2022-06-14,26.88,48.35,22.55,55.46,63.98,84.87,24.57,48.84,68.88,39.5,32.11,20.58,,60.78
2022-06-15,27.33,48.91,22.86,55.79,65.21,87.41,24.94,49.39,70.5,40.44,32.82,20.95,,62.55
2022-06-16,26.98,48.6,23.1,55.8,63.06,85.47,24.69,48.9,68.08,40.47,32.02,20.54,,61.27
2022-06-17,27.13,48.82,22.84,55.78,63.26,85.93,24.81,49.3,68.26,40.25,32.05,20.54,,61.57
2022-06-21,27.07,48.47,22.7,55.53,64.21,85.68,24.79,48.98,69.61,39.97,32.42,20.84,,61.45
2022-06-22,27.17,48.79,23.01,55.86,64.37,85.81,24.82,49.32,69.49,40.46,32.49,20.96,,61.51
2022-06-23,27.39,49.27,23.22,55.96,65.02,86.38,25.01,49.76,70.09,40.87,32.64,21.07,,61.9
2022-06-24,27.51,49.22,23.19,56.16,66.06,86.49,25.13,49.63,71.36,40.96,32.99,21.25,,62.0
2022-06-27,27.35,48.93,23.1,56.01,66.13,85.31,24.98,49.32,71.11,40.73,32.99,21.22,,61.36
2022-06-28,27.13,48.87,22.92,56.03,65.24,84.66,24.76,49.3,70.18,40.35,32.83,21.19,,61.03
2022-06-29,27.01,49.21,23.0,56.25,65.1,84.97,24.65,49.55,70.02,40.41,32.91,21.28,,61.13
2022-06-30,27.02,49.54,23.16,56.46,64.56,85.32,24.62,49.81,69.36,40.89,32.88,21.21,,61.3
2022-07-01,27.13,49.81,23.24,56.46,64.79,86.15,24.74,50.22,69.54,41.2,33.02,21.44,,61.82
2022-07-05,27.08,49.74,23.05,56.62,65.18,85.47,24.68,50.17,70.05,40.55,32.93,21.39,,61.38
2022-07-06,26.99,49.75,22.86,56.65,64.94,84.78,24.59,50.03,70.02,40.28,32.73,21.29,,60.95
2022-07-07,27.45,49.62,22.88,56.73,65.75,85.03,24.94,49.99,70.86,40.19,33.18,21.38,,61.16
2022-07-08,27.43,49.58,22.83,56.71,65.9,84.63,24.94,49.94,70.89,40.16,33.3,21.41,,60.98
2022-07-11,27.3,49.72,22.64,56.85,65.19,83.92,24.84,50.04,70.2,39.84,33.19,21.52,,60.51
2022-07-12,27.35,49.89,22.81,57.04,64.93,83.68,24.84,50.36,69.96,40.1,33.15,21.48,,60.25
2022-07-13,27.27,49.94,22.86,57.14,64.69,83.34,24.77,50.42,69.71,40.23,33.18,21.47,,60.16
2022-07-14,27.22,50.03,22.71,57.16,64.74,81.88,24.73,50.28,69.62,39.91,33.02,21.41,,59.31
2022-07-15,27.43,50.12,22.69,57.15,65.13,82.7,24.96,50.33,70.12,40.18,33.3,21.61,,59.85
2022-07-18,27.23,49.91,22.8,57.11,65.3,82.74,24.74,50.21,70.34,40.34,33.24,21.56,,59.88
2022-07-19,27.61,49.88,22.82,57.15,66.25,83.95,25.05,50.21,71.19,40.48,33.46,21.7,,60.64
2022-07-20,27.67,49.9,22.8,57.2,66.99,84.61,25.1,50.24,72.01,40.43,33.64,21.75,,61.11
2022-07-21,27.9,50.0,22.91,57.25,67.23,85.08,25.26,50.34,72.02,40.62,33.76,21.8,,61.4
2022-07-22,27.8,50.42,23.19,57.52,66.74,86.01,25.21,50.67,71.62,40.98,33.95,21.9,,61.96
2022-07-25,27.81,50.47,23.09,57.29,66.65,86.07,25.17,50.71,71.42,41.06,33.95,21.98,,62.06
2022-07-26,27.65,50.56,23.1,57.4,65.91,85.27,25.11,50.72,70.6,40.89,33.89,21.94,,61.54
2022-07-27,27.94,50.54,23.31,57.53,66.94,86.56,25.35,50.79,71.75,41.33,34.16,22.01,,62.48
2022-07-28,28.26,50.97,23.43,57.77,67.6,87.68,25.64,51.19,72.04,41.71,34.35,22.14,,63.39
2022-07-29,28.35,51.09,23.61,57.79,67.97,88.02,25.72,51.31,72.5,41.95,34.77,22.4,,63.65
2022-08-01,28.27,51.28,23.72,57.86,67.78,88.07,25.65,51.59,72.46,42.26,34.74,22.5,,63.59
2022-08-02,28.16,51.0,23.51,57.75,68.05,86.79,25.52,51.27,72.96,41.7,35.02,22.82,,62.72
2022-08-03,28.41,51.08,23.54,57.95,69.05,88.46,25.77,51.45,74.04,41.82,35.35,22.89,,63.8
2022-08-04,28.5,51.35,23.76,57.98,69.07,88.65,25.84,51.5,74.08,42.23,35.35,22.89,,63.8
2022-08-05,28.37,50.97,23.44,57.69,69.1,88.47,25.77,51.08,74.06,41.51,34.98,22.61,,63.57
2022-08-08,28.37,51.01,23.47,57.75,69.55,89.78,25.77,51.28,74.63,41.71,35.07,22.69,,64.57
2022-08-09,28.23,50.99,23.6,57.73,68.96,88.28,25.63,51.19,74.06,41.67,34.7,22.43,,63.47
2022-08-10,28.58,51.0,23.82,57.83,69.94,89.86,25.96,51.28,75.56,42.16,35.04,22.56,,64.51
2022-08-11,28.33,50.76,23.63,57.69,70.1,89.49,25.79,50.99,75.41,41.89,34.97,22.53,,64.19
2022-08-12,28.66,50.87,23.64,57.84,70.73,90.17,26.08,51.13,76.24,41.91,35.13,22.69,,64.77
2022-08-15,28.65,51.1,23.55,57.84,71.11,90.0,26.1,51.29,76.55,41.67,35.23,22.68,,64.68
2022-08-16,28.56,50.89,23.46,57.74,70.91,89.22,26.01,51.27,76.33,41.46,35.17,22.65,,64.15
2022-08-17,28.21,50.59,23.31,57.34,70.19,88.24,25.78,50.84,75.38,41.08,34.63,22.35,,63.43
2022-08-18,28.33,50.48,23.08,57.26,70.41,88.14,25.83,50.81,75.56,40.74,34.74,22.35,,63.38
2022-08-19,28.12,50.14,22.83,56.94,69.6,86.8,25.64,50.44,74.93,40.09,34.4,22.09,,62.52
2022-08-22,27.93,49.94,22.64,56.8,68.69,86.16,25.46,50.3,74.03,39.76,34.01,21.83,,61.93
2022-08-23,28.03,49.8,22.59,56.85,68.94,87.07,25.51,50.19,74.42,39.74,33.5,21.43,,62.59
2022-08-24,28.09,49.6,22.53,56.74,69.15,86.99,25.54,50.11,74.55,39.62,33.61,21.54,,62.63
2022-08-25,28.34,49.91,22.72,56.67,69.97,87.91,25.8,50.34,75.32,39.98,34.03,21.88,,63.25
2022-08-26,27.89,49.66,22.54,56.64,68.88,86.54,25.43,50.04,74.3,39.47,33.67,21.64,,62.45
2022-08-29,27.82,49.4,22.39,56.53,68.56,86.02,25.35,49.95,73.8,39.27,33.57,21.58,,62.12
2022-08-30,27.69,49.44,22.38,56.45,68.2,85.99,25.23,49.88,73.48,39.28,33.41,21.45,,62.13
2022-08-31,27.54,49.2,22.26,56.4,68.02,85.3,25.12,49.71,73.29,39.18,33.29,21.35,,61.62
2022-09-01,27.51,49.02,22.18,56.09,67.39,84.78,25.01,49.62,72.78,38.75,32.84,21.25,,61.25
2022-09-02,27.49,49.29,22.14,56.29,67.04,85.08,25.03,49.84,72.39,38.89,32.98,21.33,,61.37
2022-09-06,27.35,48.96,21.83,55.97,66.63,84.3,24.9,49.53,71.93,38.37,32.65,20.98,,60.74
2022-09-07,27.76,49.14,22.07,56.01,67.47,85.58,25.24,49.79,72.76,38.78,32.98,21.16,,61.7
2022-09-08,27.83,48.78,21.92,55.82,67.98,85.61,25.29,49.37,73.24,38.33,32.83,21.04,,61.84
2022-09-09,27.85,48.71,21.97,56.02,68.71,86.13,25.33,49.43,74.27,38.71,33.14,21.24,,62.08
2022-09-12,27.91,48.93,22.08,55.95,69.25,86.1,25.41,49.53,74.65,38.93,33.39,21.42,,62.05
2022-09-13,27.35,48.82,21.81,55.8,67.94,84.78,24.89,49.38,73.16,38.3,32.91,21.17,,61.15
2022-09-14,27.37,48.91,21.96,55.63,68.08,84.72,24.94,49.58,73.47,38.53,33.01,21.16,,61.06
2022-09-15,27.25,48.8,21.78,55.59,67.7,84.66,24.86,49.38,73.16,38.32,32.78,21.02,,61.03
2022-09-16,27.37,48.81,21.82,55.5,67.01,84.2,24.92,49.38,72.5,38.47,32.66,21.05,,60.72
2022-09-19,27.39,48.72,21.78,55.45,67.01,84.5,24.96,49.25,72.51,38.3,32.69,21.0,,60.89
2022-09-20,27.14,48.42,21.58,55.19,66.36,83.72,24.72,49.0,71.94,37.86,32.36,20.77,,60.42
2022-09-21,26.99,48.5,21.54,55.34,65.72,83.48,24.58,49.1,71.07,37.6,32.43,20.88,,60.32
2022-09-22,26.86,48.3,21.46,55.13,64.84,82.92,24.47,48.92,70.2,37.49,32.04,20.67,,59.76
2022-09-23,26.53,48.06,21.1,54.94,63.79,81.92,24.17,48.64,68.78,36.81,31.63,20.36,,59.15
2022-09-26,26.25,47.53,20.6,54.51,63.52,79.99,23.97,48.21,68.64,36.14,31.4,20.36,,57.88
2022-09-27,26.2,47.32,20.48,54.3,63.53,78.71,23.92,47.99,69.05,35.91,31.51,20.35,,56.9
2022-09-28,26.62,47.85,21.03,54.35,64.35,80.6,24.27,48.5,69.8,36.71,31.94,20.64,,58.27
2022-09-29,26.43,47.58,20.96,54.4,63.61,79.58,24.08,48.06,69.32,36.59,31.7,20.51,,57.53
2022-09-30,26.23,47.73,20.83,54.22,63.3,79.4,23.9,48.33,68.9,36.61,31.67,20.51,,57.49
2022-10-03,26.46,48.08,21.13,54.44,64.14,80.23,24.08,48.81,69.7,37.18,31.89,20.69,,58.06
2022-10-04,26.84,48.22,21.43,54.88,65.73,81.74,24.4,48.85,71.32,37.81,32.18,20.79,,59.08
2022-10-05,26.75,47.88,21.16,54.85,65.68,80.58,24.34,48.56,71.24,37.15,31.81,20.46,,58.32
2022-10-06,26.62,47.77,21.0,54.97,65.67,80.27,24.27,48.46,71.36,36.69,31.6,20.33,,58.06
2022-10-07,26.33,47.47,20.79,54.98,64.85,79.19,23.99,48.24,70.46,36.31,31.31,20.15,,57.32
2022-10-10,25.95,47.29,20.62,54.88,64.35,78.96,23.73,48.13,69.96,36.14,31.09,20.0,,57.25
2022-10-11,26.13,47.09,20.51,55.01,63.72,78.9,23.79,47.95,69.45,35.86,30.98,19.91,,57.18
2022-10-12,26.17,47.13,20.47,55.04,63.42,78.62,23.84,47.97,69.28,35.81,30.74,19.73,,57.01
2022-10-13,26.17,47.25,20.64,54.94,63.57,78.38,23.85,48.12,69.31,36.19,30.7,19.7,,56.83
2022-10-14,26.03,47.1,20.42,54.8,62.9,77.8,23.73,47.86,68.54,35.72,30.6,19.6,,56.46
2022-10-17,26.36,47.27,20.55,54.93,63.76,78.23,23.98,48.07,69.48,36.14,30.69,19.62,,56.71
2022-10-18,26.51,47.36,20.65,55.04,64.37,79.06,24.09,48.28,69.86,36.28,30.75,19.67,,57.23
2022-10-19,26.3,47.12,20.49,54.84,64.03,77.88,23.94,48.05,69.36,35.84,30.55,19.58,,56.52
2022-10-20,26.07,46.98,20.39,54.67,63.66,77.09,23.7,47.89,69.13,35.71,30.13,19.24,,55.88
2022-10-21,26.27,47.08,20.57,54.22,64.07,77.94,23.88,47.91,69.48,36.11,30.01,19.18,,56.51
2022-10-24,26.31,47.3,20.52,54.05,64.07,77.89,23.88,48.04,69.46,36.23,30.1,19.21,,56.48
2022-10-25,26.55,47.66,20.89,53.99,64.81,79.24,24.09,48.55,70.27,36.91,30.5,19.49,,57.44
2022-10-26,26.58,47.8,21.13,54.05,64.92,79.76,24.12,48.56,70.46,37.4,30.61,19.53,,57.66
2022-10-27,26.77,48.23,21.16,54.07,64.81,79.94,24.29,48.98,70.37,37.55,30.61,19.47,,57.88
2022-10-28,26.91,48.0,21.1,54.09,65.32,80.14,24.44,48.94,70.8,37.38,30.8,19.67,,57.96
2022-10-31,26.54,47.94,20.85,54.03,65.09,78.9,24.12,48.76,70.57,36.93,30.51,19.63,,57.23
2022-11-01,26.56,47.91,20.95,54.15,65.4,80.03,24.11,48.86,70.56,37.02,30.25,19.36,,57.81
2022-11-02,26.28,47.85,20.86,54.25,64.21,79.42,23.93,48.74,69.37,36.75,30.17,19.3,,57.41
2022-11-03,26.23,47.7,20.66,54.15,63.94,79.14,23.9,48.59,69.16,36.33,30.02,19.17,,57.33
2022-11-04,26.39,47.67,21.02,54.12,64.21,80.41,24.0,48.65,69.55,37.01,29.95,19.04,,58.07
2022-11-07,26.44,47.51,20.94,54.12,64.33,80.38,24.02,48.31,69.66,37.02,30.11,19.12,,58.13
2022-11-08,26.5,47.68,21.25,54.41,64.57,80.94,24.03,48.61,69.72,37.31,30.57,19.47,,58.5
2022-11-09,26.12,47.96,21.13,54.47,63.68,79.85,23.77,48.81,68.53,37.29,30.31,19.35,,57.73
2022-11-10,26.94,48.6,21.93,55.19,65.68,83.52,24.4,49.45,70.82,38.63,31.67,20.21,,60.18
2022-11-11,27.02,48.33,22.15,55.2,66.22,83.5,24.49,49.17,71.17,39.02,31.85,20.39,,60.09
2022-11-14,26.78,48.18,22.02,55.04,65.87,82.79,24.31,49.02,70.96,38.74,31.43,20.12,,59.64
2022-11-15,27.02,48.46,22.24,55.4,66.75,84.35,24.5,49.3,71.94,39.05,31.86,20.46,,60.88
2022-11-16,26.98,48.7,22.3,55.69,66.25,84.35,24.53,49.52,71.24,39.43,31.8,20.45,,60.78
2022-11-17,26.91,48.68,22.06,55.82,65.8,83.59,24.41,49.51,70.87,39.23,31.58,20.33,,60.21
2022-11-18,26.99,48.5,22.04,55.86,65.98,83.59,24.47,49.45,71.02,39.09,31.58,20.36,,60.22
2022-11-21,26.91,48.56,21.89,55.85,65.71,83.6,24.46,49.5,70.5,38.74,31.54,20.33,,60.32
2022-11-22,27.19,48.67,22.12,56.03,65.98,84.47,24.66,49.63,70.89,39.11,31.7,20.3,,60.95
2022-11-23,27.24,49.01,22.38,56.19,66.2,85.02,24.71,49.78,71.24,39.64,31.85,20.42,,61.22
2022-11-25,27.2,48.96,22.43,56.25,66.2,85.41,24.7,49.64,71.17,39.62,31.93,20.5,,61.49
2022-11-28,26.92,48.78,22.23,56.29,65.74,85.07,24.52,49.67,70.76,39.31,31.77,20.43,,61.26
2022-11-29,27.1,48.92,22.26,56.46,65.76,85.46,24.61,49.71,70.73,39.38,31.4,20.17,,61.65
2022-11-30,27.48,49.05,22.52,56.66,66.64,86.43,24.97,49.91,71.74,39.86,31.85,20.48,,62.34
2022-12-01,27.41,49.27,22.96,56.64,67.01,87.8,24.9,50.1,72.05,40.56,32.15,20.75,,63.15
2022-12-02,27.42,49.31,22.93,56.69,67.0,87.43,24.96,50.02,72.07,40.61,32.28,20.86,,62.8
2022-12-05,27.2,49.15,22.65,56.6,66.33,86.09,24.75,49.91,71.29,40.14,31.75,20.4,,61.99
2022-12-06,27.16,49.31,22.67,56.74,65.76,85.62,24.74,50.18,70.84,40.16,31.66,20.28,,61.72
2022-12-07,27.33,49.45,22.86,56.91,65.73,86.86,24.86,50.14,70.91,40.39,31.72,20.39,,62.52
2022-12-08,27.32,49.27,22.8,56.74,66.08,86.7,24.88,49.98,71.1,40.34,31.58,20.24,,62.49
2022-12-09,27.32,49.07,22.69,56.7,65.77,86.1,24.79,49.79,70.81,40.18,31.28,20.06,,62.21
2022-12-12,27.45,49.06,22.64,56.6,66.19,86.42,24.93,49.79,71.25,40.03,31.4,20.07,,62.34
2022-12-13,27.75,49.07,22.86,56.9,66.59,87.25,25.22,49.88,71.94,40.52,31.72,20.3,,62.88
2022-12-14,27.61,49.06,22.9,56.87,66.53,87.12,25.12,49.79,71.73,40.63,31.71,20.26,,62.82
2022-12-15,27.55,48.76,22.55,56.81,65.45,86.32,24.94,48.59,70.51,39.93,31.24,20.13,,62.62
2022-12-16,27.48,48.7,22.51,56.76,65.29,85.87,24.84,48.41,70.31,39.73,31.23,20.23,,62.25
2022-12-19,27.33,48.51,22.4,56.59,64.55,85.4,24.73,48.28,69.88,39.56,31.13,20.11,,61.92
2022-12-20,27.25,48.15,22.52,56.43,64.64,84.97,24.68,48.02,69.8,39.56,31.01,20.07,,61.63
2022-12-21,27.45,48.15,22.55,56.38,65.0,86.08,24.85,48.09,70.2,39.43,31.08,20.07,,62.45
2022-12-22,27.28,48.04,22.47,56.33,64.57,85.64,24.71,48.06,69.7,39.28,30.75,19.89,,62.0
2022-12-23,27.38,47.72,22.45,56.36,64.61,85.18,24.81,47.91,69.6,39.27,30.74,19.81,,61.44
2022-12-27,27.04,47.54,22.3,56.26,64.25,84.67,24.54,47.74,69.43,39.02,30.56,19.65,,61.19
2022-12-28,26.64,47.52,22.18,56.18,63.71,84.36,24.23,47.71,68.84,38.85,30.35,19.42,,60.85
2022-12-29,27.06,47.61,22.62,56.28,64.35,85.01,24.61,47.83,69.34,39.14,30.45,19.38,,61.35
2022-12-30,27.02,47.43,22.43,56.11,64.34,84.59,24.61,47.55,69.47,39.15,30.53,19.37,,60.98
2023-01-03,27.06,47.85,22.38,56.36,64.11,84.96,24.63,47.9,69.32,39.05,30.68,19.5,,61.29
2023-01-04,27.34,48.05,22.64,56.57,64.83,86.0,24.88,48.18,69.98,39.39,31.33,19.94,,61.93
2023-01-05,27.25,47.99,22.39,56.59,64.52,85.22,24.84,48.12,69.42,39.12,31.46,20.14,,61.51
2023-01-06,27.61,48.3,22.78,56.77,64.99,86.73,25.13,48.36,70.13,39.79,31.92,20.49,,62.46
2023-01-09,27.75,48.18,22.89,56.9,65.46,86.56,25.25,48.16,70.49,39.95,31.95,20.46,,62.42
2023-01-10,27.74,48.11,22.78,56.96,65.94,86.02,25.23,48.17,70.86,39.9,32.03,20.53,,62.04
2023-01-11,27.93,48.48,23.0,57.14,66.26,87.0,25.39,48.5,70.54,40.21,32.3,20.73,,62.54
2023-01-12,28.11,48.64,23.24,57.36,66.71,88.03,25.59,48.57,71.33,40.74,32.44,20.79,,63.26
2023-01-13,28.04,48.52,23.29,57.31,67.07,87.82,25.54,48.49,71.96,40.69,32.53,20.88,,63.08
2023-01-17,27.97,48.71,23.32,57.43,67.28,87.91,25.48,48.69,72.23,40.79,32.86,21.06,,63.21
2023-01-18,28.07,48.99,23.46,57.61,67.08,88.95,25.58,48.94,71.87,41.0,32.87,21.12,,63.98
2023-01-19,27.91,48.94,23.5,57.65,66.68,88.7,25.42,48.83,71.62,41.05,32.87,21.2,,63.8
2023-01-20,27.94,48.71,23.5,57.57,67.3,88.5,25.42,48.66,72.47,40.84,32.95,21.25,,63.66
2023-01-23,27.92,48.59,23.28,57.47,67.88,88.45,25.41,48.55,72.95,40.77,33.21,21.38,,63.62
2023-01-24,27.92,48.8,23.39,57.67,67.82,88.84,25.41,48.74,72.97,40.97,33.14,21.3,,64.03
2023-01-25,27.94,48.84,23.55,57.58,67.7,88.78,25.44,48.78,72.9,41.09,33.17,21.36,,63.9
2023-01-26,27.98,48.71,23.43,57.51,67.9,88.78,25.46,48.68,73.17,40.87,33.35,21.49,,63.94
2023-01-27,27.94,48.61,23.31,57.49,68.32,88.61,25.44,48.56,73.56,40.69,33.39,21.4,,63.78
2023-01-30,27.85,48.41,23.14,57.47,67.83,87.48,25.35,48.43,73.19,40.33,33.4,21.52,,63.06
2023-01-31,28.07,48.55,23.23,57.54,68.21,87.91,25.55,48.52,73.71,40.59,33.6,21.62,,63.44
2023-02-01,28.22,48.64,23.47,57.63,68.67,89.26,25.7,48.63,74.13,41.09,33.6,21.76,,64.18
2023-02-02,28.29,49.09,23.65,57.63,69.54,89.55,25.76,48.97,75.11,41.15,33.81,21.88,,64.37
2023-02-03,28.05,48.78,23.08,57.47,69.09,88.32,25.6,48.84,74.51,40.38,33.46,21.48,,63.6
2023-02-06,27.94,48.58,22.81,57.25,68.56,87.07,25.47,48.71,74.31,39.9,33.17,21.29,,62.74
2023-02-07,28.07,48.46,22.91,57.29,68.8,87.15,25.63,48.52,74.69,39.84,33.11,21.3,,62.8
2023-02-08,27.98,48.56,22.89,57.23,68.87,87.1,25.5,48.56,74.56,39.88,33.13,21.35,,62.73
2023-02-09,27.77,48.47,22.85,57.16,68.46,86.53,25.35,48.65,74.16,40.08,32.89,21.22,,62.36
2023-02-10,27.63,48.35,22.77,57.11,68.23,85.86,25.22,48.43,73.92,39.67,32.89,21.08,,61.85
2023-02-13,27.64,48.43,22.8,57.15,68.81,86.1,25.22,48.47,74.31,39.84,33.13,21.24,,62.02
2023-02-14,27.63,48.29,22.78,57.08,68.91,86.15,25.23,48.34,74.36,39.76,33.17,21.3,,62.03
2023-02-15,27.61,48.2,22.51,56.82,69.22,85.9,25.16,48.27,74.87,39.31,33.23,21.32,,61.82
2023-02-16,27.38,48.1,22.49,56.49,68.64,85.34,24.99,48.23,74.3,38.94,32.96,21.09,,61.48
2023-02-17,27.54,48.2,22.55,56.23,68.31,85.37,25.11,48.34,73.59,39.29,32.9,21.02,,61.45
2023-02-21,27.13,47.81,22.31,55.99,67.46,84.08,24.78,47.96,73.08,38.76,32.1,20.5,,60.51
2023-02-22,27.26,47.88,22.19,55.97,67.55,84.41,24.88,48.1,73.26,38.66,32.48,20.75,,60.91
2023-02-23,27.43,48.04,22.33,56.14,67.68,85.76,25.06,48.19,73.4,38.84,32.73,20.99,,61.77
2023-02-24,27.31,47.89,22.07,55.88,67.15,85.17,24.93,48.09,72.65,38.41,32.56,20.82,,61.36
2023-02-27,27.44,47.78,22.13,56.04,67.22,85.6,25.01,48.03,72.89,38.49,32.62,20.92,,61.68
2023-02-28,27.38,47.76,22.11,56.16,67.05,85.24,24.99,47.94,72.91,38.4,32.7,20.91,,61.44
2023-03-01,27.24,47.54,22.1,55.81,67.01,84.3,24.82,47.81,72.93,38.46,32.36,20.82,,60.72
2023-03-02,27.26,47.52,21.97,55.84,67.26,83.99,24.83,47.74,73.22,38.16,32.23,20.68,,60.59
2023-03-03,27.53,47.67,22.11,55.93,67.77,85.28,25.03,47.95,73.73,38.47,32.5,20.72,,61.29
2023-03-06,27.55,47.65,22.17,55.9,67.62,84.94,25.04,47.83,73.45,38.43,32.54,20.75,,61.1
2023-03-07,27.35,47.7,21.92,55.98,67.41,84.59,24.86,47.95,73.31,38.14,32.27,20.66,,61.04
2023-03-08,27.3,47.78,21.94,56.03,67.41,84.19,24.83,48.09,73.1,38.24,32.28,20.56,,60.74
2023-03-09,27.11,47.83,22.0,56.25,66.54,84.21,24.66,48.09,72.29,38.43,31.71,20.19,,60.71
2023-03-10,27.22,48.3,22.31,56.59,65.68,85.0,24.75,48.45,71.18,38.98,31.18,19.88,,61.23
2023-03-13,27.19,48.92,22.79,56.68,65.04,84.86,24.65,48.82,70.43,39.82,30.0,19.01,,61.02
2023-03-14,27.35,48.63,22.68,56.56,65.02,84.63,24.79,48.44,70.26,39.57,30.73,19.47,,61.15
2023-03-15,27.25,48.98,22.71,56.91,64.87,84.94,24.71,48.9,70.16,39.56,30.12,19.17,,61.22
2023-03-16,27.35,48.74,22.66,56.9,65.47,84.58,24.8,48.74,71.08,39.55,30.91,19.81,,61.0
2023-03-17,27.22,49.09,23.03,57.11,64.99,84.2,24.69,49.06,70.62,40.03,30.18,19.2,,61.03
2023-03-20,27.14,49.05,22.99,56.85,65.14,84.21,24.55,49.04,70.69,40.27,29.86,18.95,,60.85
2023-03-21,27.41,48.81,22.95,56.79,65.88,84.81,24.77,48.79,71.26,40.04,30.37,19.35,,61.3
2023-03-22,27.45,48.94,23.24,57.0,65.49,85.55,24.82,48.98,70.77,40.44,30.26,19.35,,61.85
2023-03-23,27.31,49.22,23.23,56.98,65.52,85.86,24.7,49.07,71.02,40.61,29.92,19.06,,61.97
2023-03-24,27.29,49.23,23.11,57.09,65.39,85.39,24.68,49.08,70.95,40.34,30.05,19.15,,61.65
2023-03-27,27.19,48.89,23.03,57.04,65.57,85.03,24.55,48.92,71.08,40.18,30.29,19.35,,61.41
2023-03-28,27.21,48.86,23.12,57.21,65.54,84.73,24.53,48.92,71.3,40.4,30.45,19.4,,61.18
2023-03-29,27.52,48.84,23.03,57.17,66.04,85.14,24.79,48.83,71.6,40.23,30.7,19.61,,61.44
2023-03-30,27.68,48.79,23.09,57.35,66.37,85.73,24.96,48.82,71.9,40.34,30.94,19.72,,61.87
2023-03-31,28.02,48.92,23.12,57.42,67.07,86.28,25.27,48.95,72.62,40.21,31.22,19.86,,62.31
2023-04-03,27.88,48.93,23.21,57.31,66.86,86.24,25.14,49.09,72.32,40.54,31.16,19.96,,62.21
2023-04-04,27.77,48.95,23.24,57.46,66.53,86.36,25.13,49.03,72.0,40.66,30.96,19.88,,62.26
2023-04-05,27.71,49.05,23.19,57.64,66.25,86.18,25.03,49.17,71.78,40.64,30.91,19.7,,62.19
2023-04-06,27.82,49.01,23.17,57.69,66.3,86.09,25.11,49.21,71.78,40.6,31.08,19.83,,62.13
2023-04-10,27.81,48.83,22.94,57.66,66.52,85.64,25.1,49.0,71.96,40.18,31.05,19.73,,61.85
2023-04-11,27.88,48.77,22.96,57.77,66.77,85.73,25.16,48.92,72.16,40.19,31.26,19.88,,61.9
2023-04-12,27.85,48.78,23.09,57.9,66.64,85.98,25.17,48.89,72.08,40.37,31.24,19.9,,62.1
2023-04-13,27.96,48.77,23.2,57.71,67.06,86.07,25.33,48.87,72.52,40.54,31.38,19.98,,62.16
2023-04-14,27.91,48.55,22.97,57.54,66.87,85.89,25.28,48.75,72.23,40.19,31.36,20.0,,62.07
2023-04-17,27.86,48.43,22.84,57.48,67.13,85.34,25.22,48.69,72.6,39.95,31.27,19.91,,61.65
2023-04-18,27.87,48.49,22.91,57.03,67.02,85.32,25.22,48.66,72.56,39.96,31.32,20.0,,61.68
2023-04-19,27.78,48.43,22.8,56.88,66.84,84.91,25.19,48.63,72.39,39.84,31.41,20.0,,61.49
2023-04-20,27.76,48.6,22.88,56.91,66.68,84.81,25.16,48.76,72.05,39.92,31.37,19.96,,61.46
2023-04-21,27.77,48.5,22.85,56.95,66.62,84.82,25.21,48.72,72.06,39.96,31.46,20.08,,61.39
2023-04-24,27.86,48.46,22.91,57.11,66.74,85.05,25.24,48.7,72.01,39.96,31.45,20.1,,61.5
2023-04-25,27.76,48.84,22.99,57.31,65.86,85.57,25.18,49.04,71.17,40.14,31.08,19.75,,61.81
2023-04-26,27.64,48.68,22.99,57.08,65.75,85.34,25.05,49.01,71.12,40.26,30.93,19.66,,61.63
2023-04-27,27.67,48.56,22.95,57.01,65.81,85.36,25.07,48.77,71.3,40.09,31.18,19.85,,61.63
2023-04-28,27.75,48.95,23.03,57.22,66.03,86.15,25.17,49.14,71.37,40.41,31.37,19.93,,62.17
2023-05-01,27.46,48.66,22.75,56.9,66.05,84.95,24.88,48.88,71.34,39.88,30.96,19.69,,61.24
2023-05-02,27.47,49.07,23.01,57.04,65.5,85.31,24.93,49.23,70.74,40.33,30.48,19.41,,61.59
2023-05-03,27.46,49.03,23.12,57.12,65.5,85.58,24.91,49.25,70.7,40.54,30.0,18.95,,61.79
2023-05-04,27.31,49.04,23.17,57.16,65.49,85.15,24.75,49.27,70.61,40.68,29.33,18.48,,61.46
2023-05-05,27.43,48.85,23.13,57.21,66.07,85.39,24.89,49.14,71.38,40.51,29.76,18.82,,61.63
2023-05-08,27.4,48.74,23.03,57.09,66.2,85.05,24.87,49.05,71.71,40.32,29.79,18.83,,61.41
2023-05-09,27.33,48.71,22.97,57.08,66.16,85.01,24.82,48.98,71.64,40.18,29.71,18.78,,61.3
2023-05-10,27.45,48.89,23.13,57.21,66.34,85.48,24.93,49.18,71.97,40.55,29.89,18.93,,61.7
2023-05-11,27.44,49.09,23.11,57.23,66.33,85.75,24.91,49.35,71.91,40.42,29.72,18.79,,62.0
2023-05-12,27.29,48.91,22.82,57.11,66.31,85.21,24.78,49.27,71.82,40.06,29.77,18.84,,61.53
2023-05-15,27.29,48.9,22.92,57.1,66.58,84.84,24.78,49.22,72.11,40.01,29.71,18.78,,61.16
2023-05-16,27.12,48.82,22.83,56.96,66.18,84.51,24.64,49.1,71.76,39.9,29.43,18.6,,60.95
2023-05-17,27.21,48.81,22.77,56.96,66.42,84.52,24.72,49.13,72.17,39.82,30.02,19.0,,60.89
2023-05-18,27.21,48.58,22.49,56.65,66.58,84.18,24.72,48.87,72.32,39.24,30.02,19.0,,60.66
2023-05-19,27.22,48.57,22.62,56.37,66.53,84.17,24.75,48.89,72.26,39.37,30.0,18.95,,60.7
2023-05-22,27.35,48.58,22.54,56.29,66.73,84.16,24.88,48.87,72.53,39.42,30.19,19.07,,60.66
2023-05-23,27.27,48.54,22.47,56.12,66.48,84.26,24.83,48.86,72.19,39.22,30.11,19.02,,60.73
2023-05-24,27.13,48.46,22.38,56.03,66.39,84.12,24.67,48.79,72.05,39.01,30.13,19.01,,60.6
2023-05-25,27.09,48.28,22.22,56.13,66.33,83.9,24.69,48.66,71.99,38.66,29.96,19.01,,60.43
2023-05-26,27.25,48.38,22.26,56.3,66.64,84.25,24.82,48.73,72.35,38.76,30.14,19.05,,60.66
2023-05-30,27.37,48.76,22.47,56.47,66.9,84.89,24.91,49.04,72.4,39.11,30.33,19.19,,61.12
2023-05-31,27.35,48.95,22.4,56.6,66.86,84.78,24.91,49.2,72.41,39.19,30.46,19.28,,61.12
2023-06-01,27.35,48.93,22.6,56.68,67.03,84.99,24.92,49.33,72.77,39.57,30.46,19.44,,61.15
2023-06-02,27.39,48.74,22.45,56.53,67.6,84.86,25.0,49.11,73.52,39.19,30.89,19.74,,61.08
2023-06-05,27.42,48.64,22.47,56.71,67.94,85.14,25.0,49.14,73.89,39.15,30.77,19.54,,61.39
2023-06-06,27.43,48.73,22.45,56.77,68.3,85.29,25.03,49.09,74.31,39.23,30.93,19.59,,61.48
2023-06-07,27.33,48.52,22.37,56.61,68.16,84.79,24.93,48.89,74.24,38.96,30.84,19.48,,61.09
2023-06-08,27.49,48.64,22.54,56.72,68.42,85.27,25.08,49.08,74.29,39.38,30.8,19.45,,61.43
2023-06-09,27.49,48.69,22.58,56.68,68.31,85.17,25.07,49.07,74.19,39.44,30.71,19.44,,61.28
2023-06-12,27.49,48.76,22.56,56.74,68.68,85.64,25.08,49.16,74.63,39.46,30.69,19.34,,61.62
2023-06-13,27.45,48.57,22.53,56.63,69.1,85.51,25.05,48.96,75.14,39.36,30.67,19.3,,61.55
2023-06-14,27.49,48.55,22.61,56.81,69.05,85.69,25.09,49.03,75.18,39.4,30.5,19.17,,61.74
2023-06-15,27.62,48.59,22.77,56.91,69.44,86.13,25.21,49.03,75.48,39.76,30.64,19.26,,61.97
2023-06-16,27.55,48.64,22.67,56.89,69.43,85.79,25.17,48.99,75.45,39.76,30.59,19.26,,61.84
2023-06-20,27.53,48.76,22.69,56.97,69.39,85.83,25.14,49.25,75.2,39.77,30.47,19.16,,61.8
2023-06-21,27.55,48.77,22.77,56.97,69.4,86.28,25.14,49.16,75.37,40.0,30.53,19.19,,62.1
2023-06-22,27.47,48.58,22.56,56.89,69.27,85.95,25.06,48.96,75.4,39.69,30.46,19.14,,61.89
2023-06-23,27.4,48.83,22.56,56.99,68.79,86.05,25.02,49.21,74.85,39.63,30.45,19.18,,61.96
2023-06-26,27.47,48.96,22.63,57.0,68.79,86.32,25.08,49.35,74.95,39.85,30.59,19.29,,62.17
2023-06-27,27.53,48.9,22.71,57.02,69.2,86.32,25.11,49.25,75.38,39.79,30.64,19.29,,62.1
2023-06-28,27.63,49.01,22.57,57.03,69.49,86.38,25.23,49.36,75.65,39.72,30.69,19.32,,62.2
2023-06-29,27.57,48.81,22.41,56.87,69.64,85.92,25.19,49.13,75.87,39.34,30.65,19.23,,61.84
2023-06-30,27.77,48.88,22.55,56.95,69.95,86.54,25.37,49.29,76.36,39.59,30.93,19.39,,62.27
2023-07-03,27.61,48.67,22.44,56.81,70.35,86.36,25.23,49.23,76.69,39.5,31.05,19.58,,62.05
2023-07-05,27.52,48.56,22.37,56.78,70.38,85.92,25.17,48.94,76.82,39.25,30.9,19.45,,61.9
2023-07-06,27.35,48.31,22.21,56.63,69.59,84.69,25.05,48.8,75.66,39.03,30.43,19.05,,60.95
2023-07-07,27.33,48.23,22.41,56.6,69.72,84.59,25.03,48.81,76.07,39.24,30.58,19.13,,60.86
2023-07-10,27.47,48.2,22.47,56.65,70.32,84.95,25.11,48.82,76.71,39.34,30.65,19.2,,61.13
2023-07-11,27.58,48.23,22.51,56.69,70.66,85.49,25.23,48.76,77.07,39.42,30.82,19.32,,61.54
2023-07-12,27.79,48.45,22.87,56.78,70.82,86.51,25.42,49.03,77.23,40.05,30.93,19.37,,62.12
2023-07-13,27.91,48.72,23.13,56.99,71.31,87.45,25.54,49.23,77.73,40.67,31.03,19.42,,62.84
2023-07-14,27.75,48.61,23.09,56.95,70.95,86.94,25.38,49.1,77.42,40.45,30.84,19.27,,62.37
2023-07-17,27.83,48.66,23.11,56.95,71.5,87.07,25.45,49.24,77.87,40.53,30.62,19.11,,62.57
2023-07-18,27.86,48.87,23.19,57.07,71.61,87.5,25.46,49.38,78.06,40.71,30.79,19.2,,62.67
2023-07-19,27.89,48.9,23.11,57.2,71.66,87.26,25.47,49.48,78.18,40.63,30.94,19.34,,62.66
2023-07-20,27.71,48.7,22.92,57.09,71.09,86.73,25.29,49.29,77.41,40.28,30.82,19.28,,62.26
2023-07-21,27.72,48.82,22.88,57.12,71.21,87.0,25.33,49.34,77.52,40.17,30.88,19.3,,62.34
2023-07-24,27.7,48.81,22.89,57.2,71.21,87.17,25.31,49.39,77.5,39.99,30.94,19.31,,62.49
2023-07-25,27.69,48.81,22.9,57.09,71.23,87.06,25.29,49.38,77.55,40.09,30.96,19.32,,62.5
2023-07-26,27.86,48.84,22.99,57.2,71.27,87.34,25.44,49.33,77.65,40.19,31.16,19.48,,62.58
2023-07-27,27.65,48.68,22.76,56.97,71.05,86.51,25.29,49.18,77.37,39.67,30.92,19.3,,62.12
2023-07-28,27.77,48.78,22.78,56.96,71.69,87.56,25.4,49.33,78.07,39.78,31.02,19.37,,62.79
2023-07-31,27.89,48.74,22.74,56.85,71.9,87.68,25.48,49.31,78.59,39.65,31.22,19.57,,62.89
2023-08-01,27.67,48.48,22.49,56.72,71.6,86.46,25.27,49.21,78.13,39.35,30.88,19.44,,62.06
2023-08-02,27.6,48.48,22.33,56.55,70.67,85.84,25.19,49.23,77.0,39.21,30.73,19.31,,61.61
2023-08-03,27.48,48.35,22.28,56.22,70.46,85.11,25.11,49.06,77.02,39.08,30.48,19.08,,61.1
2023-08-04,27.58,48.5,22.47,56.45,70.3,86.24,25.24,49.19,76.71,39.44,30.69,19.23,,61.84
2023-08-07,27.63,48.4,22.36,56.33,70.63,85.96,25.29,49.12,76.87,39.27,30.75,19.26,,61.75
2023-08-08,27.66,48.67,22.37,56.43,70.16,86.18,25.33,49.34,76.67,39.37,30.71,19.24,,61.84
2023-08-09,27.64,48.63,22.37,56.52,69.89,86.36,25.28,49.3,76.29,39.33,30.71,19.22,,61.88
2023-08-10,27.58,48.48,22.24,56.5,69.76,86.03,25.28,49.2,76.19,39.15,30.64,19.16,,61.69
2023-08-11,27.57,48.38,22.14,56.36,69.86,85.83,25.25,49.08,76.09,38.87,30.7,19.17,,61.65
2023-08-14,27.56,48.28,22.04,56.54,70.01,85.14,25.24,49.03,76.25,38.67,30.68,19.18,,61.05
2023-08-15,27.49,48.16,22.0,56.51,69.46,84.42,25.2,48.92,75.77,38.52,30.47,19.06,,60.65
2023-08-16,27.37,48.15,21.88,56.36,69.15,84.26,25.11,48.91,75.29,38.44,30.3,18.96,,60.51
2023-08-17,27.26,48.08,21.89,56.25,68.6,84.19,25.02,48.9,74.77,38.4,30.19,18.91,,60.37
2023-08-18,27.3,48.24,22.01,56.11,68.59,84.17,25.07,48.95,74.67,38.55,30.14,18.86,,60.4
2023-08-21,27.3,48.06,21.87,55.94,68.67,83.75,25.03,48.94,74.84,38.38,29.99,18.74,,60.03
2023-08-22,27.3,48.19,21.87,55.92,68.26,83.98,25.02,48.92,74.96,38.43,30.0,18.73,,60.21
2023-08-23,27.49,48.56,22.15,56.04,68.89,85.33,25.19,49.31,75.33,38.82,30.28,18.94,,61.09
2023-08-24,27.34,48.53,22.0,55.98,68.37,84.75,25.06,49.18,74.54,38.57,30.14,18.83,,60.8
2023-08-25,27.44,48.49,21.97,55.92,68.57,84.88,25.12,49.18,74.78,38.5,30.22,18.89,,60.99
2023-08-28,27.54,48.5,21.94,56.04,68.73,85.15,25.23,49.18,74.88,38.5,30.31,18.96,,61.09
2023-08-29,27.7,48.61,22.16,56.19,69.31,86.03,25.35,49.26,75.37,38.89,30.5,19.03,,61.72
2023-08-30,27.72,48.53,22.12,56.11,69.63,85.8,25.4,49.18,75.82,38.89,30.53,19.06,,61.54
2023-08-31,27.74,48.76,22.16,56.16,69.78,85.72,25.44,49.4,75.89,38.87,30.75,19.19,,61.54
2023-09-01,27.65,48.57,21.97,55.98,69.7,85.15,25.33,49.3,75.99,38.52,30.66,19.2,,61.07
2023-09-05,27.49,48.27,21.72,55.89,69.54,84.32,25.21,49.03,75.67,38.04,30.43,19.1,,60.51
2023-09-06,27.45,48.27,21.62,55.97,69.38,84.19,25.19,48.94,75.65,38.03,30.34,19.0,,60.42
2023-09-07,27.54,48.39,21.7,55.8,69.05,84.64,25.27,49.06,75.32,38.04,30.32,18.94,,60.69
2023-09-08,27.53,48.39,21.68,55.75,69.04,84.71,25.24,49.1,75.29,38.03,30.45,18.99,,60.8
2023-09-11,27.56,48.28,21.73,55.82,69.25,84.58,25.26,49.0,75.5,38.17,30.37,18.98,,60.71
2023-09-12,27.54,48.27,21.71,55.87,69.15,84.64,25.23,49.01,75.46,38.09,30.34,18.96,,60.7
2023-09-13,27.61,48.32,21.68,55.96,69.04,84.69,25.31,49.05,75.22,38.1,30.42,19.02,,60.73
2023-09-14,27.62,48.43,21.69,55.83,69.41,84.72,25.32,49.2,75.55,37.98,30.53,19.09,,60.77
2023-09-15,27.56,48.27,21.64,55.77,69.01,84.44,25.25,49.03,75.25,37.82,30.51,19.02,,60.59
2023-09-18,27.57,48.2,21.6,55.86,68.67,84.49,25.28,49.0,75.05,37.81,30.62,19.14,,60.6
2023-09-19,27.49,48.11,21.55,55.76,68.84,84.39,25.21,48.86,74.95,37.75,30.63,19.15,,60.53
2023-09-20,27.42,48.18,21.53,55.81,68.55,84.32,25.17,48.91,74.78,37.74,30.62,19.14,,60.47
2023-09-21,27.25,48.13,21.51,55.35,68.01,83.47,24.97,48.87,74.1,37.67,30.21,18.87,,59.91
2023-09-22,27.28,48.16,21.49,55.48,67.8,83.81,25.0,48.88,73.99,37.67,30.32,18.94,,60.13
2023-09-25,27.22,47.97,21.34,55.09,67.84,83.33,24.95,48.7,73.96,37.4,30.23,18.89,,59.77
2023-09-26,27.06,47.94,21.23,54.95,67.56,82.78,24.84,48.66,73.71,37.23,30.04,18.74,,59.33
2023-09-27,27.06,47.81,21.12,54.83,67.73,82.42,24.78,48.59,73.89,36.98,30.05,18.74,,59.2
2023-09-28,27.16,47.76,21.17,54.65,67.89,82.61,24.86,48.66,74.25,37.09,30.15,18.78,,59.3
2023-09-29,27.06,47.83,21.24,54.84,67.8,82.52,24.8,48.78,74.21,37.17,30.15,18.81,,59.16
2023-10-02,26.77,47.57,20.97,54.38,67.41,81.27,24.51,48.55,73.9,36.79,29.62,18.55,,58.29
2023-10-03,26.48,47.41,20.89,54.27,66.62,80.36,24.25,48.37,73.03,36.65,29.05,18.13,,57.62
2023-10-04,26.56,47.51,21.0,54.43,66.64,80.74,24.32,48.5,73.05,36.8,29.0,18.02,,57.81
2023-10-05,26.57,47.59,21.13,54.45,66.45,80.71,24.35,48.53,72.56,36.99,28.98,17.95,,57.83
2023-10-06,26.59,47.49,20.93,54.12,66.97,80.74,24.35,48.43,73.12,36.99,28.88,17.84,,57.87
2023-10-09,26.8,47.79,21.17,54.38,66.84,81.14,24.55,48.71,73.15,37.24,29.05,18.0,,58.12
2023-10-10,26.79,47.72,21.3,54.51,67.38,81.27,24.56,48.71,73.52,37.36,29.17,18.08,,58.19
2023-10-11,26.75,48.01,21.38,54.96,67.48,81.93,24.56,48.92,73.69,37.54,29.3,18.17,,58.67
2023-10-12,26.62,47.76,21.07,54.78,67.05,81.07,24.44,48.75,73.31,37.07,29.02,17.98,,58.16
2023-10-13,26.66,47.96,21.13,54.94,66.82,81.3,24.44,48.89,72.95,37.17,28.92,17.9,,58.32
2023-10-16,26.65,47.77,21.16,54.65,67.09,81.21,24.42,48.8,73.25,37.15,28.94,17.91,,58.18
2023-10-17,26.53,47.5,21.01,54.35,67.22,80.82,24.35,48.61,73.52,37.0,28.75,17.77,,57.99
2023-10-18,26.41,47.41,20.9,54.23,66.67,80.3,24.24,48.54,72.91,36.74,28.64,17.69,,57.51
2023-10-19,26.33,47.38,20.9,54.06,66.16,79.71,24.16,48.48,72.47,36.78,28.34,17.49,,57.2
2023-10-20,26.35,47.48,20.95,54.16,65.72,80.15,24.18,48.5,71.94,36.87,28.51,17.64,,57.44
2023-10-23,26.46,47.61,21.05,54.15,65.47,80.61,24.29,48.57,71.72,37.1,28.56,17.68,,57.71
2023-10-24,26.57,47.72,21.07,54.2,65.77,81.25,24.36,48.65,71.92,36.97,28.82,17.9,,58.17
2023-10-25,26.42,47.44,20.86,53.93,65.33,80.64,24.26,48.43,71.24,36.68,28.56,17.72,,57.76
2023-10-26,26.55,47.67,20.97,54.15,65.12,80.96,24.35,48.68,71.18,36.81,28.58,17.75,,57.91
2023-10-27,26.52,47.75,21.03,54.14,64.89,81.0,24.34,48.74,70.88,36.86,28.43,17.61,,57.91
2023-10-30,26.54,47.69,21.07,54.03,64.68,81.21,24.37,48.73,70.69,36.98,28.46,17.64,,58.03
2023-10-31,26.73,47.68,20.91,54.09,64.82,81.19,24.51,48.7,70.88,36.75,28.58,17.71,,58.02
2023-11-01,26.88,47.86,21.0,54.15,64.91,81.89,24.56,49.02,70.82,36.97,28.93,18.03,,58.51
2023-11-02,27.15,48.06,21.23,54.58,65.66,82.71,24.79,49.09,71.65,37.33,29.52,18.46,,59.04
2023-11-03,27.48,48.27,21.51,54.93,66.47,83.52,25.14,49.21,72.47,37.78,29.99,18.62,,59.57
2023-11-06,27.33,48.08,21.46,54.88,66.02,82.83,25.09,49.05,71.93,37.67,29.82,18.56,,59.1
2023-11-07,27.31,48.34,21.51,55.24,66.22,83.11,25.09,49.33,72.49,37.74,29.74,18.49,,59.42
2023-11-08,27.37,48.48,21.56,55.35,66.17,83.27,25.14,49.45,72.22,37.9,29.76,18.5,,59.49
2023-11-09,27.19,48.29,21.38,55.22,65.64,82.42,25.02,49.28,71.63,37.56,29.45,18.31,,58.96
2023-11-10,27.32,48.33,21.41,55.36,65.89,82.78,25.17,49.3,71.91,37.62,29.53,18.41,,59.16
2023-11-13,27.3,48.31,21.44,55.46,66.05,82.34,25.14,49.23,72.05,37.68,29.69,18.48,,58.92
2023-11-14,27.61,48.69,21.89,55.75,67.09,83.77,25.4,49.61,73.1,38.55,30.07,18.73,,60.0
2023-11-15,27.56,48.62,21.77,55.75,67.32,83.25,25.34,49.49,73.46,38.32,30.07,18.77,,59.66
2023-11-16,27.67,48.81,21.88,55.99,67.06,83.94,25.43,49.71,73.14,38.47,30.13,18.79,,60.01
2023-11-17,27.71,48.86,22.01,56.0,67.34,84.21,25.48,49.8,73.39,38.78,30.15,18.85,,60.21
2023-11-20,27.76,48.91,22.15,56.16,67.71,84.74,25.48,49.75,73.76,38.97,30.2,18.86,,60.54
2023-11-21,27.78,48.95,22.13,56.28,67.43,84.74,25.51,49.89,73.47,38.98,30.09,18.76,,60.54
2023-11-22,27.82,48.94,22.04,56.29,67.57,85.16,25.54,49.92,73.61,38.86,29.94,18.67,,60.85
2023-11-24,27.79,48.72,22.03,56.36,67.71,84.99,25.51,49.65,73.72,38.84,29.98,18.71,,60.76
2023-11-27,27.88,48.97,22.15,56.35,67.71,85.36,25.61,49.89,73.8,39.11,30.19,18.83,,60.98
2023-11-28,28.01,49.11,22.27,56.5,67.85,85.8,25.69,50.06,73.96,39.37,30.29,18.88,,61.35
2023-11-29,28.2,49.36,22.37,56.9,68.29,86.48,25.86,50.25,74.38,39.56,30.52,19.08,,61.73
2023-11-30,28.19,49.23,22.15,56.89,68.38,85.87,25.84,50.03,74.38,39.11,30.66,19.14,,61.34
2023-12-01,28.28,49.44,22.4,56.98,69.02,86.85,25.95,50.39,75.15,39.52,30.82,19.33,,61.96
2023-12-04,28.23,49.47,22.22,56.92,69.11,86.25,25.9,50.29,75.1,39.34,30.62,19.17,,61.64
2023-12-05,28.27,49.73,22.27,56.98,68.93,86.75,25.9,50.56,74.98,39.48,30.65,19.09,,61.9
2023-12-06,28.26,49.88,22.39,57.22,69.0,87.23,25.92,50.74,74.99,39.66,30.7,19.11,,62.27
2023-12-07,28.28,49.83,22.5,57.23,69.36,87.14,25.91,50.61,75.4,39.77,30.72,19.17,,62.18
2023-12-08,28.24,49.62,22.33,57.07,69.41,86.84,25.89,50.51,75.58,39.43,30.66,19.05,,62.12
2023-12-11,28.24,49.6,22.22,57.06,69.6,86.7,25.89,50.57,75.84,39.37,30.53,18.96,,61.9
2023-12-12,28.34,49.72,22.29,57.18,69.49,86.88,25.98,50.64,75.85,39.56,30.54,18.99,,62.07
2023-12-13,28.73,50.13,22.7,57.42,70.44,88.32,26.33,51.03,76.65,40.27,30.97,19.28,,63.16
2023-12-14,28.95,50.3,22.89,57.66,71.47,88.87,26.35,49.29,77.53,40.75,31.18,19.61,,63.71
2023-12-15,28.91,50.42,22.89,57.64,71.47,88.75,26.35,49.47,77.53,40.7,31.05,19.52,,63.77
2023-12-18,28.93,50.36,22.77,57.65,71.4,88.77,26.36,49.51,77.63,40.66,30.95,19.44,,63.77
2023-12-19,29.04,50.62,22.96,57.65,71.84,88.99,26.48,49.62,78.18,40.95,31.12,19.56,,63.93
2023-12-20,28.99,50.85,22.95,57.85,71.22,89.0,26.46,49.78,77.43,41.02,31.11,19.56,,64.0
2023-12-21,29.06,50.78,23.12,57.89,71.78,89.16,26.52,49.82,78.13,41.32,31.19,19.62,,64.04
2023-12-22,29.01,49.4,23.14,57.84,71.87,89.04,26.45,49.7,78.34,41.36,31.23,19.63,,63.68
2023-12-26,29.01,49.42,23.2,57.89,72.15,89.36,26.45,49.79,78.5,41.42,31.25,19.67,,63.83
2023-12-27,28.97,49.71,23.35,58.09,72.47,89.68,26.52,50.02,78.86,41.77,31.4,19.71,,64.11
2023-12-28,28.84,49.54,23.19,57.95,72.44,89.43,26.45,49.87,78.82,41.52,31.31,19.54,,63.95
2023-12-29,28.78,49.37,23.18,57.94,72.15,89.06,26.4,49.8,78.59,41.33,31.19,19.4,,63.75
2024-01-02,28.69,49.18,22.96,57.86,71.56,88.18,26.28,49.63,77.82,40.82,31.15,19.42,,63.18
2024-01-03,28.64,49.33,22.89,58.03,70.81,87.84,26.25,49.71,77.08,40.87,31.16,19.45,,62.85
2024-01-04,28.53,49.03,22.72,57.9,70.62,87.44,26.17,49.48,76.88,40.53,31.12,19.43,,62.53
2024-01-05,28.54,48.91,22.74,57.86,70.73,87.17,26.2,49.43,76.72,40.39,31.12,19.39,,62.28
2024-01-08,28.72,49.0,22.82,57.94,71.19,87.28,26.34,49.52,77.28,40.56,31.41,19.56,,62.35
2024-01-09,28.83,48.96,22.71,58.02,71.13,86.94,26.49,49.4,77.3,40.4,31.42,19.6,,62.13
2024-01-10,28.87,48.89,22.69,57.93,71.37,87.56,26.55,49.33,77.56,40.36,31.44,19.58,,62.57
2024-01-11,29.06,49.1,22.77,58.04,71.34,88.35,26.66,49.54,77.55,40.55,31.51,19.6,,63.11
2024-01-12,29.13,49.1,22.81,57.94,71.26,88.51,26.72,49.56,77.37,40.58,31.58,19.7,,63.2
2024-01-16,28.97,48.86,22.46,57.77,71.02,87.69,26.6,49.36,77.29,39.98,31.45,19.59,,62.66
2024-01-17,28.87,48.72,22.35,57.6,70.67,87.36,26.51,49.25,76.88,39.74,31.33,19.55,,62.41
2024-01-18,28.89,48.7,22.34,57.44,70.76,87.45,26.54,49.18,77.1,39.7,31.25,19.49,,62.47
2024-01-19,28.94,48.79,22.41,57.33,71.11,87.49,26.55,49.25,77.37,39.79,31.49,19.63,,62.54
2024-01-22,28.95,48.81,22.39,57.49,71.54,87.55,26.59,49.32,77.82,39.81,31.61,19.74,,62.61
2024-01-23,28.91,48.7,22.32,57.42,71.45,87.1,26.58,49.22,77.88,39.64,31.57,19.72,,62.36
2024-01-24,28.88,48.61,22.37,57.34,71.27,86.86,26.58,49.17,77.59,39.73,31.68,19.79,,62.18
2024-01-25,29.1,48.8,22.4,57.49,71.36,87.48,26.74,49.33,77.64,39.77,31.96,19.97,,62.69
2024-01-26,29.09,48.73,22.38,57.46,71.26,87.61,26.76,49.27,77.69,39.8,31.99,19.99,,62.69
2024-01-29,29.14,48.91,22.45,57.67,71.76,87.94,26.81,49.52,78.22,39.98,32.1,20.04,,62.94
2024-01-30,29.11,48.89,22.47,57.7,71.6,88.14,26.76,49.53,78.01,39.96,32.18,20.1,100.66,63.05
2024-01-31,29.06,49.08,22.47,57.95,71.14,87.98,26.72,49.71,77.51,39.96,32.06,20.1,101.11,62.97
2024-02-01,29.02,49.1,22.62,58.0,71.52,88.35,26.7,49.83,77.58,40.32,32.11,20.21,101.37,63.14
2024-02-02,28.87,48.86,22.34,57.74,71.43,87.64,26.56,49.62,77.59,39.85,31.98,20.14,101.03,62.61
2024-02-05,28.67,48.64,22.13,57.47,70.96,86.9,26.4,49.45,77.27,39.42,31.63,19.83,100.74,62.2
2024-02-06,28.78,48.79,22.28,57.54,71.37,87.69,26.48,49.49,77.65,39.63,31.68,19.81,100.82,62.65
2024-02-07,28.81,48.71,22.24,57.5,71.51,87.57,26.52,49.37,77.74,39.57,31.7,19.87,100.87,62.59
2024-02-08,28.83,48.6,22.11,57.56,71.85,87.46,26.56,49.32,78.19,39.43,31.81,19.88,100.76,62.55
2024-02-09,28.88,48.62,22.18,57.59,72.14,87.49,26.58,49.32,78.55,39.48,31.96,20.04,100.8,62.5
2024-02-12,28.85,48.67,22.18,57.67,72.26,87.57,26.56,49.36,78.75,39.5,32.09,20.08,101.08,62.54
2024-02-13,28.63,48.48,21.9,57.42,71.44,86.49,26.35,49.18,77.84,38.98,31.63,19.83,100.42,61.82
2024-02-14,28.71,48.79,22.03,57.53,71.98,87.08,26.45,49.48,78.36,39.35,31.78,19.89,100.69,62.21
2024-02-15,28.84,48.78,22.15,57.69,72.21,87.79,26.54,49.44,78.62,39.5,31.89,19.94,100.8,62.68
2024-02-16,28.7,48.66,22.08,57.67,71.91,87.19,26.48,49.33,78.33,39.44,31.77,19.91,100.85,62.29
2024-02-20,28.75,48.68,22.2,57.74,71.59,87.18,26.49,49.38,78.0,39.52,31.83,19.97,100.82,62.33
2024-02-21,28.7,48.47,22.16,57.72,70.65,87.11,26.48,49.28,76.98,39.46,31.75,19.86,100.79,62.29
2024-02-22,28.79,48.6,22.17,57.71,70.73,87.66,26.53,49.36,77.11,39.62,31.92,20.0,100.84,62.64
2024-02-23,28.8,48.78,22.24,57.74,70.92,88.15,26.58,49.47,77.27,39.69,32.17,20.14,100.95,62.88
2024-02-26,28.69,48.69,22.18,57.71,71.14,87.9,26.46,49.41,77.56,39.6,32.06,20.06,100.9,62.78
2024-02-27,28.68,48.61,22.2,57.7,71.55,87.82,26.49,49.35,78.07,39.57,31.98,20.05,100.9,62.61
2024-02-28,28.68,48.66,22.21,57.82,71.49,88.0,26.53,49.43,77.96,39.53,32.02,20.06,101.17,62.74
2024-02-29,28.72,48.73,22.19,57.83,71.68,88.3,26.54,49.52,78.17,39.53,32.18,20.18,101.17,62.94
2024-03-01,28.69,48.72,22.21,57.74,71.97,88.43,26.52,49.62,78.55,39.66,31.94,20.14,100.8,62.94
2024-03-04,28.71,48.68,22.22,57.65,72.02,88.35,26.55,49.66,78.65,39.69,31.82,20.0,100.71,62.92
2024-03-05,28.72,48.95,22.32,57.75,71.43,88.54,26.55,49.77,78.04,39.91,31.96,20.02,100.8,63.09
2024-03-06,28.77,48.99,22.4,57.79,71.65,88.87,26.57,49.8,78.14,40.13,32.05,20.06,100.92,63.3
2024-03-07,28.76,49.06,22.56,57.9,72.06,89.11,26.59,49.84,78.52,40.39,32.2,20.16,100.99,63.47
2024-03-08,28.78,49.1,22.63,57.83,72.2,89.21,26.6,49.87,78.67,40.5,32.23,20.23,101.06,63.53
2024-03-11,28.78,49.03,22.61,57.85,72.2,89.07,26.61,49.83,78.61,40.39,32.17,20.17,101.0,63.44
2024-03-12,28.78,49.03,22.55,57.79,72.43,88.95,26.63,49.81,78.77,40.25,32.25,20.2,100.91,63.35
2024-03-13,28.81,48.98,22.55,57.85,72.61,89.04,26.64,49.72,79.02,40.24,32.29,20.22,100.98,63.38
2024-03-14,28.67,48.81,22.4,57.71,72.18,88.59,26.5,49.54,78.84,39.88,32.03,20.06,100.7,63.08
2024-03-15,28.63,48.8,22.37,57.71,71.81,88.31,26.5,49.57,78.5,39.82,32.1,20.08,100.69,62.88
2024-03-18,28.69,48.8,22.3,57.65,71.72,88.36,26.52,49.56,78.42,39.72,32.14,20.11,100.7,62.91
2024-03-19,28.84,48.86,22.24,57.72,71.64,88.77,26.67,49.64,78.36,39.65,32.29,20.24,100.83,63.21
2024-03-20,28.98,48.96,22.38,57.68,72.3,89.19,26.8,49.7,79.05,39.89,32.45,20.26,100.69,63.53
2024-03-21,29.01,48.97,22.29,57.62,72.64,89.5,26.82,49.72,79.4,39.75,32.54,20.35,100.63,63.69
2024-03-22,29.0,49.17,22.26,57.7,72.45,89.79,26.81,49.88,79.27,39.73,32.42,20.33,100.69,63.91
2024-03-25,28.96,49.03,22.26,57.62,72.77,89.72,26.77,49.78,79.5,39.69,32.27,20.19,100.69,63.86
2024-03-26,28.91,49.09,22.26,57.53,72.77,89.71,26.76,49.79,79.59,39.73,32.25,20.2,100.45,63.86
2024-03-27,29.04,49.24,22.29,57.48,73.18,90.08,26.88,49.97,80.06,39.81,32.41,20.33,100.52,64.13
2024-03-28,29.02,49.19,22.24,57.54,73.04,89.67,26.86,49.95,79.83,39.63,32.23,20.16,100.48,63.85
2024-04-01,28.75,48.88,22.0,57.24,72.78,88.92,26.59,49.78,79.59,39.23,32.13,20.2,99.91,63.25
2024-04-02,28.73,48.84,22.02,56.98,72.2,88.96,26.58,49.76,78.85,39.33,31.9,20.02,99.65,63.32
2024-04-03,28.75,48.92,22.1,56.92,72.26,89.15,26.6,49.78,78.98,39.44,32.0,19.98,99.46,63.48
2024-04-04,28.75,49.07,22.16,57.02,71.96,89.11,26.57,49.92,78.61,39.66,32.08,20.08,99.74,63.44
2024-04-05,28.71,48.93,22.11,56.81,72.04,89.25,26.55,49.74,78.69,39.49,32.06,20.02,99.5,63.56
2024-04-08,28.77,48.88,22.12,56.83,72.3,89.28,26.61,49.66,78.94,39.51,32.0,19.99,99.42,63.56
2024-04-09,28.86,49.0,22.23,57.03,72.44,89.88,26.68,49.81,79.15,39.68,32.0,20.02,99.73,64.0
2024-04-10,28.63,48.73,21.87,56.76,71.95,88.46,26.48,49.54,78.51,39.08,31.5,19.67,99.09,63.02
2024-04-11,28.57,48.71,21.85,56.7,72.09,88.2,26.43,49.56,78.72,38.99,31.47,19.59,99.15,62.84
2024-04-12,28.57,48.88,21.77,56.91,71.22,87.95,26.4,49.73,77.85,38.83,31.25,19.54,99.39,62.66
2024-04-15,28.34,48.68,21.63,56.84,70.46,86.93,26.19,49.54,77.02,38.67,30.71,19.18,99.29,61.91
2024-04-16,28.18,48.55,21.52,56.81,70.14,86.66,26.03,49.43,76.72,38.38,30.65,19.15,99.2,61.69
2024-04-17,28.14,48.61,21.62,56.93,70.01,87.34,26.07,49.55,76.62,38.61,30.79,19.22,99.38,62.18
2024-04-18,28.17,48.54,21.57,56.85,70.0,87.27,26.01,49.48,76.51,38.45,30.72,19.18,99.27,62.16
2024-04-19,28.21,48.59,21.59,56.91,69.6,87.52,26.08,49.51,76.13,38.46,30.9,19.28,99.23,62.33
2024-04-22,28.31,48.65,21.6,56.93,70.01,87.99,26.16,49.59,76.55,38.53,31.05,19.39,99.31,62.66
2024-04-23,28.39,48.58,21.65,56.92,70.73,88.11,26.23,49.54,77.3,38.67,31.35,19.59,99.23,62.72
2024-04-24,28.31,48.37,21.56,56.89,70.63,87.48,26.22,49.35,77.23,38.42,31.34,19.58,99.11,62.35
2024-04-25,28.24,48.31,21.54,56.75,70.43,87.23,26.17,49.28,77.05,38.4,31.08,19.42,98.92,62.16
2024-04-26,28.32,48.44,21.49,56.68,70.73,87.61,26.23,49.42,77.32,38.35,31.13,19.37,98.88,62.4
2024-04-29,28.42,48.56,21.64,56.81,70.93,88.04,26.34,49.47,77.55,38.65,31.32,19.52,98.89,62.72
2024-04-30,28.27,48.41,21.4,56.75,70.26,87.15,26.18,49.44,77.04,38.27,30.96,19.29,98.82,62.19
2024-05-01,28.24,48.41,21.42,56.72,69.97,87.15,26.14,49.53,76.7,38.43,31.14,19.46,98.85,62.09
2024-05-02,28.39,48.51,21.72,56.77,70.57,87.86,26.31,49.57,77.2,38.81,31.19,19.52,98.84,62.56
2024-05-03,28.54,48.68,21.9,56.95,71.19,88.58,26.42,49.69,77.87,39.1,31.54,19.66,99.14,63.04
2024-05-06,28.59,48.75,21.88,57.09,71.83,88.83,26.47,49.71,78.42,39.11,31.67,19.73,99.35,63.21
2024-05-07,28.63,48.85,21.86,57.21,71.64,88.9,26.52,49.86,78.38,39.08,31.55,19.66,99.56,63.3
2024-05-08,28.6,48.8,21.78,57.19,71.3,88.57,26.47,49.84,78.13,38.93,31.29,19.46,99.61,63.07
2024-05-09,28.61,48.78,21.84,57.24,71.69,88.87,26.48,49.8,78.26,39.01,31.38,19.51,99.6,63.23
2024-05-10,28.54,48.66,21.73,57.14,71.46,88.66,26.43,49.67,78.13,38.91,31.4,19.52,99.59,63.14
2024-05-13,28.55,48.67,21.75,57.14,71.59,88.75,26.41,49.71,78.23,38.97,31.43,19.62,99.55,63.15
2024-05-14,28.61,48.6,21.76,57.15,72.07,88.95,26.45,49.68,78.63,38.99,31.45,19.55,99.6,63.33
2024-05-15,28.77,48.92,22.05,57.26,72.63,89.88,26.61,49.98,79.34,39.52,31.76,19.76,99.64,63.97
2024-05-16,28.7,48.86,21.99,57.22,72.4,89.58,26.54,49.86,79.05,39.4,31.67,19.72,99.64,63.79
2024-05-17,28.69,48.73,21.92,57.03,72.45,89.41,26.53,49.78,79.19,39.29,31.63,19.68,99.43,63.65
2024-05-20,28.7,48.69,21.87,56.99,72.8,89.42,26.52,49.76,79.45,39.25,31.66,19.71,99.3,63.66
2024-05-21,28.68,48.75,21.91,56.93,72.57,89.49,26.51,49.79,79.26,39.21,31.6,19.71,99.17,63.73
2024-05-22,28.62,48.64,21.78,56.77,72.43,89.2,26.44,49.7,79.12,39.05,31.51,19.62,98.94,63.55
2024-05-23,28.49,48.56,21.71,56.56,71.75,88.59,26.35,49.63,78.36,38.98,31.25,19.4,98.6,63.13
2024-05-24,28.61,48.59,21.78,56.56,72.22,88.94,26.47,49.66,78.78,39.1,31.5,19.6,98.6,63.32
2024-05-28,28.48,48.45,21.7,56.52,72.24,88.41,26.39,49.58,78.88,39.03,31.47,19.54,98.53,62.97
2024-05-29,28.37,48.24,21.55,56.39,71.69,88.09,26.25,49.41,78.46,38.57,31.19,19.4,98.21,62.74
2024-05-30,28.42,48.39,21.64,56.38,71.54,88.62,26.31,49.49,78.18,38.77,31.46,19.54,98.3,63.07
2024-05-31,28.54,48.46,21.67,56.43,71.67,89.05,26.43,49.6,78.29,38.9,31.75,19.77,98.41,63.38
2024-06-03,28.51,48.54,21.78,56.4,71.57,89.09,26.39,49.77,78.31,39.24,31.74,19.82,98.42,63.28
2024-06-04,28.52,48.64,21.83,56.54,71.6,89.15,26.42,49.86,78.19,39.36,31.68,19.8,98.61,63.34
2024-06-05,28.63,48.76,21.86,56.76,72.3,89.39,26.52,49.98,78.77,39.35,31.73,19.73,99.11,63.5
2024-06-06,28.59,48.73,21.88,56.87,71.83,89.18,26.44,49.93,78.35,39.34,31.77,19.7,99.23,63.37
2024-06-07,28.46,48.53,21.6,56.61,71.73,88.48,26.33,49.73,78.03,38.93,31.66,19.66,99.03,62.95
2024-06-10,28.48,48.38,21.51,56.67,71.9,88.46,26.35,49.61,78.25,38.66,31.53,19.6,98.95,62.87
2024-06-11,28.51,48.51,21.5,56.73,71.7,88.8,26.34,49.71,78.25,38.73,31.38,19.51,99.04,63.12
2024-06-12,28.6,48.64,21.65,57.06,72.29,89.15,26.45,49.84,78.8,39.08,31.56,19.61,99.42,63.35
2024-06-13,28.6,48.8,21.64,57.16,71.91,89.39,26.47,49.99,78.39,39.0,31.56,19.67,99.69,63.53
2024-06-14,28.49,48.95,21.63,57.26,71.52,89.28,26.33,50.1,77.95,39.06,31.46,19.59,99.85,63.48
2024-06-17,28.5,48.84,21.61,57.14,71.53,89.01,26.36,50.01,78.18,39.03,31.41,19.6,99.7,63.28
2024-06-18,28.61,48.96,21.69,57.25,71.69,89.6,26.43,50.11,78.21,39.11,31.56,19.7,99.77,63.68
2024-06-20,28.57,48.88,21.61,57.11,71.42,89.27,26.41,50.08,77.91,38.96,31.52,19.67,99.69,63.51
2024-06-21,28.61,48.93,21.56,57.11,71.59,89.38,26.42,50.09,78.04,38.97,31.57,19.67,99.67,63.55
2024-06-24,28.58,48.9,21.61,57.18,71.55,89.42,26.41,50.09,78.02,39.02,31.64,19.75,99.68,63.58
2024-06-25,28.55,48.94,21.58,57.15,71.73,89.41,26.38,50.11,78.26,38.98,31.65,19.75,99.7,63.61
2024-06-26,28.42,48.71,21.44,56.95,71.91,89.11,26.28,49.93,78.46,38.65,31.64,19.75,99.33,63.31
2024-06-27,28.4,48.75,21.47,57.06,72.19,89.19,26.27,49.98,78.81,38.67,31.61,19.76,99.43,63.36
2024-06-28,28.3,48.67,21.43,56.88,72.06,88.48,26.19,49.92,78.63,38.61,31.55,19.68,99.4,62.91
2024-07-01,28.11,48.42,21.34,56.65,71.9,87.75,26.01,49.77,78.33,38.6,31.28,19.59,98.97,62.4
2024-07-02,28.19,48.52,21.35,56.81,72.01,88.18,26.11,49.88,78.51,38.52,31.41,19.65,99.09,62.65
2024-07-03,28.31,48.66,21.55,57.02,72.06,88.87,26.23,50.04,78.63,38.93,31.68,19.75,99.4,63.15
2024-07-05,28.45,48.76,21.64,57.05,72.21,89.45,26.35,50.1,78.74,39.3,31.66,19.78,99.65,63.54
2024-07-08,28.44,48.78,21.63,57.03,72.33,89.43,26.35,50.12,78.93,39.23,31.59,19.74,99.53,63.52
2024-07-09,28.43,48.74,21.57,57.05,72.14,89.15,26.34,50.05,78.84,38.99,31.39,19.61,99.57,63.32
2024-07-10,28.47,48.85,21.6,57.04,72.42,89.57,26.4,50.15,79.01,39.17,31.57,19.71,99.63,63.56
2024-07-11,28.59,48.94,21.77,57.23,73.06,90.09,26.51,50.26,79.68,39.47,31.92,19.93,99.84,63.94
2024-07-12,28.71,48.99,21.88,57.34,73.55,90.26,26.61,50.29,80.19,39.72,31.97,19.94,99.97,64.1
2024-07-15,28.66,49.04,21.86,57.25,73.66,89.89,26.55,50.3,80.42,39.61,31.94,19.95,99.88,63.85
2024-07-16,28.79,49.22,21.91,57.34,74.27,90.29,26.69,50.49,81.25,39.69,31.98,19.99,100.0,64.07
2024-07-17,28.75,49.2,22.0,57.36,73.58,89.97,26.68,50.42,80.58,39.88,31.94,19.9,100.0,63.87
2024-07-18,28.68,49.14,21.88,57.31,73.11,89.5,26.61,50.42,79.76,39.68,31.87,19.9,100.0,63.53
2024-07-19,28.63,49.08,21.81,57.25,73.16,89.26,26.6,50.4,79.85,39.55,31.85,19.88,99.85,63.41
2024-07-22,28.74,49.04,21.81,57.25,73.61,89.66,26.67,50.36,80.44,39.42,31.92,19.89,99.89,63.61
2024-07-23,28.75,49.08,21.85,57.26,73.71,89.69,26.62,50.42,80.39,39.64,31.85,19.85,99.87,63.65
2024-07-24,28.59,48.98,21.83,57.16,72.79,89.11,26.54,50.3,79.79,39.38,31.54,19.67,99.8,63.25
2024-07-25,28.6,49.09,21.85,57.21,72.7,89.26,26.55,50.45,79.34,39.66,31.63,19.7,99.87,63.3
2024-07-26,28.69,49.23,21.96,57.31,73.01,89.76,26.63,50.64,79.74,39.68,31.8,19.82,99.9,63.7
2024-07-29,28.71,49.36,21.96,57.37,73.04,89.91,26.66,50.75,79.94,39.67,31.72,19.77,99.97,63.78
2024-07-30,28.71,49.43,21.98,57.35,72.95,90.03,26.67,50.76,79.82,39.76,31.73,19.77,99.98,63.84
2024-07-31,28.89,49.61,22.22,57.43,73.55,90.45,26.79,50.96,80.3,39.92,31.71,19.75,100.14,64.16
2024-08-01,28.69,49.58,22.19,57.5,72.65,90.01,26.67,51.02,79.38,40.03,31.65,19.86,100.19,63.83
2024-08-02,28.61,49.88,22.6,57.8,71.82,90.61,26.58,51.38,78.28,40.46,31.63,19.82,100.83,64.29
2024-08-05,28.4,49.89,22.75,57.95,71.19,89.69,26.43,51.38,77.24,40.82,31.18,19.48,101.0,63.69
2024-08-06,28.54,49.63,22.62,57.89,71.45,89.39,26.51,51.36,78.05,40.59,31.33,19.56,101.01,63.42
2024-08-07,28.56,49.55,22.52,57.61,71.21,89.58,26.51,51.07,77.33,40.42,31.48,19.59,100.49,63.59
2024-08-08,28.63,49.57,22.51,57.38,71.89,90.0,26.61,51.11,78.71,40.52,31.58,19.72,100.21,63.91
2024-08-09,28.68,49.74,22.63,57.51,72.18,90.4,26.67,51.26,79.0,40.55,31.57,19.71,100.33,64.17
2024-08-12,28.69,49.79,22.65,57.58,72.02,90.5,26.66,51.28,78.81,40.55,31.37,19.63,100.41,64.22
2024-08-13,28.85,49.9,22.76,57.65,72.44,90.99,26.78,51.37,79.05,40.96,31.64,19.77,100.49,64.56
2024-08-14,28.91,49.94,22.78,57.73,72.3,91.19,26.87,51.42,79.21,40.93,31.77,19.9,100.59,64.66
2024-08-15,28.95,49.8,22.62,57.54,72.89,91.16,26.91,51.25,79.82,40.69,31.73,19.88,100.32,64.7
2024-08-16,29.07,49.85,22.77,57.58,73.1,91.53,27.01,51.3,80.1,40.87,31.93,19.99,100.42,64.95
2024-08-19,29.13,49.82,22.88,57.58,73.46,91.81,27.07,51.31,80.57,41.1,31.96,20.04,100.42,65.18
2024-08-20,29.12,49.91,23.03,57.71,73.34,92.03,27.07,51.4,80.22,41.34,32.04,20.08,100.64,65.31
2024-08-21,29.16,49.98,23.08,57.69,73.58,92.3,27.12,51.43,80.54,41.62,32.21,20.16,100.58,65.48
2024-08-22,29.11,49.82,22.87,57.57,73.47,91.53,27.07,51.32,80.55,41.2,32.16,20.1,100.46,64.99
2024-08-23,29.25,49.96,23.18,57.79,74.14,92.52,27.18,51.48,81.18,41.64,32.37,20.23,100.89,65.61
2024-08-26,29.2,49.88,23.1,57.76,74.07,92.33,27.15,51.4,81.06,41.61,32.34,20.25,100.78,65.51
2024-08-27,29.18,49.85,23.11,57.7,74.16,92.21,27.15,51.33,81.29,41.51,32.37,20.25,100.64,65.46
2024-08-28,29.17,49.83,22.99,57.64,73.85,92.06,27.11,51.33,80.85,41.48,32.39,20.25,100.65,65.33
2024-08-29,29.16,49.8,22.95,57.69,74.04,92.02,27.13,51.31,81.14,41.26,32.51,20.34,100.63,65.27
2024-08-30,29.15,49.76,22.86,57.6,74.29,92.1,27.12,51.29,81.29,41.06,32.36,20.27,100.54,65.35
2024-09-03,28.93,49.78,22.84,57.63,73.39,91.37,26.91,51.39,80.19,41.07,32.11,20.2,100.64,64.8
2024-09-04,29.03,49.97,23.03,57.73,73.32,91.78,26.99,51.61,80.09,41.49,32.31,20.36,100.75,65.07
2024-09-05,29.11,49.98,23.11,57.75,73.28,92.13,27.11,51.62,80.22,41.54,32.43,20.32,100.91,65.26
2024-09-06,29.1,50.0,23.08,57.89,72.89,91.92,27.06,51.62,79.74,41.45,32.35,20.3,101.06,65.17
2024-09-09,29.18,50.13,23.05,57.87,73.12,92.17,27.11,51.7,79.92,41.4,32.6,20.39,101.02,65.37
2024-09-10,29.08,50.22,23.09,57.99,73.19,92.24,27.06,51.78,80.17,41.45,32.63,20.43,101.27,65.42
2024-09-11,29.14,50.27,23.11,57.96,73.69,92.48,27.1,51.84,80.48,41.54,32.76,20.5,101.16,65.61
2024-09-12,29.17,50.19,23.16,57.93,73.91,92.63,27.14,51.8,80.79,41.66,32.84,20.52,101.15,65.7
2024-09-13,29.24,50.28,23.29,58.02,74.44,93.05,27.2,51.88,81.3,41.77,32.99,20.65,101.29,66.0
2024-09-16,29.28,50.35,23.4,58.06,74.69,93.62,27.28,51.95,81.55,42.0,33.17,20.77,101.26,66.4
2024-09-17,29.3,50.29,23.33,58.02,74.82,93.6,27.3,51.89,81.81,41.82,33.21,20.83,101.31,66.39
2024-09-18,29.32,50.14,23.47,58.06,74.76,93.33,27.3,51.81,81.72,41.69,33.29,20.82,101.29,66.2
2024-09-19,29.41,50.16,23.34,58.04,75.42,93.74,27.39,51.84,82.52,41.9,33.42,20.97,101.2,66.49
2024-09-20,29.38,50.17,23.27,58.04,75.33,93.56,27.36,51.8,82.49,41.72,33.48,20.94,101.28,66.3
2024-09-23,29.37,50.22,23.26,58.03,75.58,93.29,27.34,51.89,82.67,41.77,33.45,20.92,101.29,66.17
2024-09-24,29.38,50.32,23.42,58.06,75.96,93.41,27.36,51.93,83.01,41.99,33.51,21.0,101.23,66.25
2024-09-25,29.3,50.18,23.21,58.0,75.71,93.13,27.31,51.8,82.6,41.72,33.44,20.97,101.21,66.04
2024-09-26,29.32,50.24,23.35,58.02,76.21,93.26,27.34,51.84,83.21,41.88,33.49,20.92,101.35,66.13
2024-09-27,29.42,50.3,23.46,58.17,76.59,93.42,27.41,51.88,83.51,42.09,33.45,20.96,101.54,66.26
2024-09-30,29.41,50.28,23.36,58.11,76.59,93.58,27.34,51.82,83.67,41.82,33.23,20.78,101.38,66.37
2024-10-01,29.27,50.43,23.3,58.09,76.34,93.46,27.26,52.02,83.22,41.79,33.23,20.87,101.36,66.15
2024-10-02,29.25,50.3,23.08,58.1,76.47,93.25,27.25,51.91,83.38,41.53,33.31,20.9,101.35,66.06
2024-10-03,29.18,50.16,22.88,58.1,76.21,92.86,27.17,51.79,83.09,41.24,33.27,20.79,101.33,65.79
2024-10-04,29.14,50.04,22.7,57.79,76.66,92.51,27.15,51.59,83.59,41.05,33.17,20.73,100.87,65.54
2024-10-07,29.03,49.97,22.65,57.73,76.38,92.09,27.01,51.55,83.4,40.9,32.88,20.54,100.7,65.28
2024-10-08,29.07,49.97,22.65,57.68,76.36,92.24,27.06,51.65,83.42,40.99,33.11,20.69,100.71,65.3
2024-10-09,29.06,49.88,22.51,57.59,76.58,92.09,27.06,51.51,83.52,40.6,33.12,20.72,100.6,65.27
2024-10-10,29.05,49.92,22.58,57.61,76.6,91.94,27.04,51.6,83.6,40.69,33.04,20.66,100.54,65.2
2024-10-11,29.09,49.94,22.57,57.64,77.45,92.06,27.07,51.65,84.35,40.64,33.25,20.77,100.59,65.18
2024-10-14,29.13,49.94,22.53,57.5,77.5,92.25,27.11,51.62,84.47,40.57,33.37,20.85,100.46,65.35
2024-10-15,29.13,50.09,22.58,57.69,77.42,92.5,27.15,51.72,84.38,40.73,33.46,20.89,100.72,65.53
2024-10-16,29.21,50.2,22.54,57.79,77.59,92.73,27.21,51.84,84.63,40.71,33.51,20.95,100.74,65.69
2024-10-17,29.15,50.17,22.48,57.71,77.36,92.14,27.16,51.84,84.39,40.71,33.45,20.9,100.66,65.3
2024-10-18,29.22,50.24,22.57,57.75,77.7,92.35,27.2,51.93,84.75,40.67,33.48,20.88,100.8,65.39
2024-10-21,29.08,49.98,22.3,57.5,77.47,91.44,27.08,51.67,84.51,40.25,33.12,20.7,100.35,64.81
2024-10-22,29.05,49.96,22.29,57.36,77.49,91.23,27.06,51.64,84.48,40.24,33.26,20.77,100.18,64.62
2024-10-23,28.95,49.93,22.19,56.9,77.02,90.89,26.95,51.58,84.03,39.96,32.96,20.59,99.65,64.42
2024-10-24,29.02,50.02,22.28,57.02,77.31,91.26,27.03,51.7,84.31,40.33,33.04,20.61,100.01,64.63
2024-10-25,29.0,49.98,22.21,57.14,77.18,91.26,27.01,51.64,84.37,40.16,32.99,20.59,100.51,64.66
2024-10-28,29.04,50.04,22.17,57.16,77.67,91.35,27.08,51.72,84.97,40.1,32.89,20.52,100.33,64.77
2024-10-29,29.05,49.98,22.15,57.12,77.52,91.56,27.11,51.67,84.75,40.12,32.9,20.49,100.05,64.89
2024-10-30,28.95,49.79,22.14,57.15,77.39,91.46,26.95,51.53,84.49,40.13,32.89,20.5,100.05,64.77
2024-10-31,28.87,49.82,22.19,57.18,76.78,90.92,26.89,51.57,83.96,40.14,32.84,20.46,100.09,64.46
2024-11-01,28.66,49.69,22.01,57.06,76.72,90.14,26.7,51.52,83.78,39.99,32.54,20.36,99.91,63.85
2024-11-04,28.75,49.78,22.16,57.33,76.92,90.53,26.8,51.6,83.9,40.24,32.8,20.56,100.19,64.16
2024-11-05,28.86,49.79,22.28,57.39,77.45,90.81,26.9,51.66,84.68,40.41,33.05,20.68,100.26,64.35
2024-11-06,28.91,49.65,21.87,56.66,78.2,90.52,26.99,51.47,85.84,39.56,32.8,20.45,99.05,64.13
2024-11-07,29.08,49.76,22.1,57.0,78.59,91.51,27.12,51.65,86.15,40.03,33.0,20.56,99.61,64.77
2024-11-08,29.16,49.89,22.01,57.44,78.91,91.76,27.18,51.69,86.19,39.93,33.3,20.76,100.43,64.94
2024-11-11,29.13,49.93,21.9,57.41,79.94,91.57,27.15,51.77,87.25,39.84,33.02,20.6,100.29,64.88
2024-11-12,28.99,49.82,21.78,57.35,79.54,90.86,27.03,51.65,86.97,39.51,32.69,20.4,100.1,64.36
2024-11-13,28.99,49.78,21.66,57.44,79.41,90.73,27.05,51.62,86.77,39.28,32.67,20.41,100.09,64.31
2024-11-14,28.93,49.87,21.62,57.37,78.85,90.5,27.01,51.77,86.27,39.12,32.61,20.34,100.23,64.21
2024-11-15,28.93,49.96,21.7,57.45,78.74,90.37,27.01,51.8,86.04,39.27,32.59,20.34,100.33,64.12
2024-11-18,28.98,49.94,21.79,57.39,79.21,90.48,27.05,51.74,86.51,39.52,32.58,20.31,100.36,64.11
2024-11-19,29.0,49.94,21.82,57.53,79.89,90.91,27.07,51.72,87.29,39.55,32.51,20.27,100.53,64.41
2024-11-20,28.98,49.88,21.69,57.53,80.27,90.92,27.03,51.65,87.63,39.33,32.35,20.12,100.39,64.42
2024-11-21,28.96,49.92,21.67,57.5,80.56,90.96,27.03,51.71,87.94,39.24,32.64,20.3,100.35,64.45
2024-11-22,28.98,50.04,21.64,57.56,81.12,90.85,27.02,51.86,88.57,39.2,32.7,20.35,100.42,64.33
2024-11-25,29.16,50.25,21.8,57.75,81.61,91.7,27.17,52.02,88.97,39.62,32.82,20.46,100.8,64.94
2024-11-26,29.08,50.23,21.82,57.78,81.28,91.57,27.11,51.98,88.63,39.43,32.62,20.34,100.78,64.83
2024-11-27,29.18,50.3,22.01,57.89,81.56,91.89,27.21,52.04,89.07,39.85,32.75,20.39,100.92,65.03
2024-11-29,29.26,50.55,22.2,58.0,81.86,92.15,27.32,52.28,89.28,40.15,32.95,20.52,101.2,65.25
2024-12-02,29.12,50.55,22.13,57.98,82.24,91.66,27.17,52.36,88.96,40.02,32.58,20.4,101.27,64.82
2024-12-03,29.13,50.51,22.08,57.95,81.3,91.68,27.17,52.32,88.74,39.97,32.52,20.36,101.04,64.8
2024-12-04,29.21,50.61,22.09,58.07,81.64,92.02,27.23,52.46,89.3,39.98,32.56,20.27,101.14,65.02
2024-12-05,29.16,50.55,22.2,58.05,81.45,92.14,27.19,52.41,88.89,40.14,32.61,20.31,101.26,65.14
2024-12-06,29.21,50.61,22.19,58.08,81.78,92.45,27.24,52.45,89.23,40.03,32.55,20.27,101.22,65.35
2024-12-09,29.18,50.57,22.12,58.01,81.42,92.24,27.2,52.45,88.75,40.08,32.46,20.19,101.09,65.25
2024-12-10,29.24,50.54,22.07,57.94,80.6,92.09,27.22,52.43,88.24,40.05,32.48,20.2,100.99,65.1
2024-12-11,29.2,50.56,21.99,57.82,81.23,92.04,27.22,52.42,88.67,39.85,32.47,20.26,100.83,65.08
2024-12-12,29.12,50.31,21.87,57.71,81.1,91.56,27.16,52.26,88.35,39.55,32.27,20.09,100.58,64.8
2024-12-13,29.07,50.29,21.86,57.55,81.0,91.09,27.09,52.24,88.29,39.44,32.11,19.99,100.43,64.46
2024-12-16,29.1,50.29,21.86,57.58,81.19,91.17,27.13,52.29,88.52,39.56,32.14,19.97,100.48,64.5
2024-12-17,29.06,50.28,21.82,57.49,80.77,91.12,27.09,52.24,88.05,39.45,32.11,20.0,100.21,64.44
2024-12-18,28.69,50.07,21.51,57.02,78.84,89.33,26.64,49.87,85.88,38.67,31.62,19.75,99.79,63.52
2024-12-19,28.6,50.03,21.43,56.77,78.07,88.94,26.55,49.94,85.4,38.5,31.48,19.65,99.24,63.31
2024-12-20,28.77,50.15,21.57,57.02,78.97,89.56,26.69,50.03,86.16,38.78,31.65,19.76,99.56,63.7
2024-12-23,28.7,50.04,21.48,57.14,78.74,89.33,26.63,49.95,85.91,38.59,31.5,19.69,99.42,63.53
2024-12-24,28.79,49.09,21.48,56.95,79.3,89.73,26.72,50.01,86.42,38.55,31.46,19.65,99.25,63.47
2024-12-26,28.88,49.12,21.49,57.11,79.44,89.64,26.79,50.04,86.61,38.61,31.41,19.6,99.24,63.42
2024-12-27,28.61,48.91,21.41,57.08,78.73,89.3,26.73,49.87,85.83,38.42,31.23,19.48,99.24,63.27
2024-12-30,28.62,49.07,21.46,57.34,78.17,89.21,26.72,49.96,85.1,38.49,31.42,19.47,99.48,63.31
2024-12-31,28.67,49.05,21.39,57.28,77.89,89.04,26.71,49.92,84.97,38.42,31.44,19.51,99.54,63.15
2025-01-02,28.68,49.09,21.27,57.36,78.0,89.34,26.79,49.96,85.02,38.19,31.82,19.78,99.65,63.32
2025-01-03,28.71,48.96,21.29,57.25,79.02,89.5,26.83,49.97,86.29,38.07,32.05,19.96,99.79,63.45
2025-01-06,28.75,48.96,21.31,57.3,79.53,89.54,26.87,49.96,86.82,38.29,31.97,19.92,99.76,63.52
2025-01-07,28.68,48.83,21.24,57.08,78.77,89.18,26.78,49.82,85.9,38.05,31.6,19.65,99.56,63.23
2025-01-08,28.69,48.74,21.14,56.96,78.48,89.25,26.83,49.75,85.58,37.94,31.49,19.56,99.33,63.3
2025-01-10,28.57,48.53,20.94,56.77,77.85,88.77,26.69,49.54,84.9,37.48,31.08,19.26,98.82,62.99
2025-01-13,28.55,48.51,20.96,56.59,77.55,88.64,26.64,49.51,84.61,37.39,30.93,19.17,98.45,62.87
2025-01-14,28.57,48.42,20.98,56.41,77.98,88.77,26.66,49.42,85.13,37.53,31.13,19.32,98.37,62.94
2025-01-15,28.81,48.72,21.16,56.48,78.9,89.79,26.87,49.69,85.87,37.89,31.71,19.74,98.59,63.6
2025-01-16,28.88,48.79,21.22,56.59,79.27,89.68,26.96,49.77,86.33,37.97,31.68,19.72,98.66,63.55
2025-01-17,28.9,48.9,21.17,56.78,79.9,89.85,26.99,49.87,87.04,37.86,31.75,19.81,98.77,63.65
2025-01-21,28.98,48.97,21.43,56.83,80.45,90.46,27.05,50.02,87.72,38.55,32.11,20.0,98.98,64.01
2025-01-22,28.93,48.93,21.43,56.87,80.33,90.21,26.99,49.95,87.57,38.51,31.99,19.92,99.06,63.86
2025-01-23,28.98,48.91,21.4,56.74,80.47,90.19,27.05,49.88,87.7,38.46,31.99,19.89,98.92,63.86
2025-01-24,29.03,48.88,21.5,56.8,80.54,90.34,27.1,49.94,87.72,38.71,32.08,19.99,98.94,63.96
2025-01-27,29.09,48.99,21.57,57.03,79.88,90.6,27.13,49.99,87.08,38.65,32.26,20.15,99.42,64.19
2025-01-28,29.05,48.99,21.5,56.99,80.08,90.56,27.09,49.97,87.45,38.58,32.04,19.96,99.52,64.11
2025-01-29,29.03,48.98,21.45,56.93,80.08,90.48,27.08,49.97,87.41,38.36,31.91,19.87,99.31,64.09
2025-01-30,29.08,49.12,21.52,57.03,80.64,90.86,27.12,50.1,88.03,38.52,32.1,19.99,99.5,64.33
2025-01-31,29.04,49.17,21.41,56.96,80.27,90.55,27.07,50.14,87.71,38.59,31.81,19.8,99.58,64.18
2025-02-03,28.85,49.22,21.38,56.75,79.92,90.25,26.9,50.3,87.27,38.49,31.45,19.56,99.3,63.9
2025-02-04,28.94,49.29,21.55,56.95,80.18,90.57,26.98,50.34,87.51,38.8,31.55,19.62,99.38,64.07
2025-02-05,29.02,49.38,21.68,57.07,80.33,91.08,27.07,50.41,87.76,38.99,31.8,19.76,99.86,64.39
2025-02-06,28.99,49.38,21.68,56.98,80.47,91.0,27.03,50.4,87.84,39.08,31.71,19.73,99.73,64.4
2025-02-07,28.88,49.31,21.59,56.93,80.46,90.65,26.91,50.34,87.82,38.76,31.55,19.64,99.56,64.2
2025-02-10,28.91,49.37,21.53,56.98,80.71,90.65,26.95,50.36,88.32,38.75,31.64,19.71,99.75,64.18
2025-02-11,28.88,49.2,21.54,56.92,80.32,90.25,26.95,50.25,87.9,38.77,31.61,19.69,99.5,63.94
2025-02-12,28.79,49.07,21.43,56.66,80.58,89.97,26.86,50.14,88.15,38.67,31.51,19.57,99.12,63.71
2025-02-13,28.92,49.28,21.71,56.84,81.06,90.71,26.99,50.35,88.61,39.12,31.7,19.74,99.47,64.16
2025-02-14,28.97,49.18,21.73,56.89,81.32,90.99,27.02,50.25,88.83,39.23,31.8,19.82,99.59,64.4
2025-02-18,28.94,49.05,21.62,56.82,81.58,90.6,27.0,50.1,89.27,38.96,31.74,19.77,99.42,64.15
2025-02-19,28.98,48.99,21.58,56.88,81.24,90.62,27.02,50.04,88.73,38.76,31.71,19.75,99.52,64.18
2025-02-20,28.98,48.97,21.74,56.94,80.88,90.79,27.04,50.07,88.51,39.11,31.65,19.74,99.65,64.26
2025-02-21,28.89,49.2,21.77,57.11,79.87,90.82,26.93,50.21,87.36,39.16,31.63,19.74,100.0,64.29
2025-02-24,28.9,49.09,21.76,57.06,79.3,90.91,26.93,50.14,86.68,38.97,31.69,19.77,99.87,64.36
2025-02-25,29.0,49.28,21.88,57.34,78.76,91.48,27.07,50.31,86.05,39.26,31.84,19.85,100.24,64.79
2025-02-26,29.05,49.38,21.86,57.43,79.18,91.78,27.11,50.37,86.54,39.34,31.83,19.86,100.37,64.94
2025-02-27,29.0,49.33,21.69,57.36,78.69,91.47,27.05,50.33,85.86,38.91,31.73,19.8,100.27,64.76
2025-02-28,29.07,49.5,21.67,57.46,79.14,92.03,27.14,50.43,86.28,38.86,31.85,19.86,100.47,65.14
2025-03-03,28.89,49.33,21.76,57.26,78.09,91.45,26.92,50.32,85.36,39.09,31.54,19.7,100.23,64.77
2025-03-04,28.88,48.93,21.83,57.11,77.83,91.31,26.95,50.05,85.12,39.15,31.32,19.56,99.98,64.59
2025-03-05,28.95,48.61,21.9,57.07,78.68,91.28,26.96,49.86,86.08,39.5,31.34,19.58,99.92,64.54
2025-03-06,28.81,48.49,21.91,56.9,77.57,90.74,26.87,49.77,84.84,39.41,31.22,19.5,99.49,64.24
2025-03-07,29.02,48.49,21.92,56.91,77.55,90.99,26.99,49.72,84.75,39.42,31.07,19.42,99.58,64.35
2025-03-10,29.03,48.5,21.9,56.97,75.99,90.87,26.98,49.76,83.18,39.43,30.87,19.31,99.62,64.37
2025-03-11,28.89,48.33,21.94,56.83,76.31,90.69,26.87,49.59,83.4,39.63,30.87,19.25,99.51,64.23
2025-03-12,28.92,48.41,21.91,56.66,76.55,90.67,26.86,49.64,83.67,39.56,31.0,19.32,99.17,64.23
2025-03-13,28.79,48.48,21.91,56.58,76.02,90.63,26.76,49.7,83.22,39.47,30.92,19.31,99.06,64.14
2025-03-14,28.89,48.46,21.91,56.55,77.21,90.72,26.83,49.69,84.35,39.42,31.12,19.43,98.98,64.17
2025-03-17,28.92,48.54,22.03,56.6,77.76,90.96,26.89,49.74,85.06,39.64,31.25,19.51,99.02,64.34
2025-03-18,28.9,48.57,22.01,56.59,77.33,90.93,26.82,49.78,84.63,39.79,31.2,19.5,99.05,64.35
2025-03-19,29.03,48.72,22.04,56.57,78.05,91.43,26.98,49.89,85.27,39.78,31.36,19.53,99.01,64.69
2025-03-20,28.97,48.69,21.96,56.6,77.86,91.25,26.94,49.84,85.1,39.57,31.32,19.52,99.03,64.6
2025-03-21,28.94,48.66,21.89,56.54,77.94,90.98,26.91,49.85,85.06,39.49,31.31,19.49,99.09,64.4
2025-03-24,29.03,48.61,21.8,56.45,78.82,90.92,27.0,49.82,85.89,39.61,31.37,19.47,98.79,64.35
2025-03-25,28.99,48.62,21.79,56.34,78.85,91.01,26.97,49.83,86.0,39.37,31.32,19.5,98.65,64.41
2025-03-26,28.89,48.62,21.72,56.07,78.16,90.49,26.87,49.84,85.21,39.16,31.1,19.31,98.28,64.11
2025-03-27,28.84,48.65,21.72,55.93,77.8,90.29,26.82,49.87,85.0,39.23,31.02,19.23,97.93,63.97
2025-03-28,28.83,48.82,21.85,56.14,76.93,90.39,26.78,49.98,83.96,39.49,30.85,19.13,98.38,64.06
2025-03-31,28.86,48.82,21.86,56.28,76.62,90.59,26.79,49.99,83.61,39.42,30.73,19.04,98.4,64.2
2025-04-01,28.74,48.83,21.87,56.27,76.78,90.48,26.69,50.09,83.73,39.53,30.51,18.94,98.6,64.06
2025-04-02,28.81,48.82,21.92,56.2,77.26,90.44,26.76,50.11,84.19,39.69,30.6,18.97,98.56,64.05
2025-04-03,28.41,49.0,22.41,56.48,74.93,89.9,26.29,50.3,81.87,40.53,29.99,18.64,98.93,63.66
2025-04-04,27.68,49.08,22.31,56.7,72.83,88.59,25.72,50.38,79.98,40.25,29.42,18.33,98.64,62.89
2025-04-07,27.47,48.86,22.06,55.29,72.41,87.16,25.32,50.2,79.36,39.85,29.09,18.14,96.75,61.62
2025-04-08,27.29,48.96,22.1,54.52,71.86,86.54,25.27,50.19,78.98,39.93,29.0,18.11,95.75,61.5
2025-04-09,28.09,48.77,21.91,55.05,74.8,88.77,26.06,50.17,81.74,39.92,29.84,18.57,96.54,62.9
2025-04-10,27.56,48.93,22.43,55.09,73.05,87.05,25.58,50.2,80.67,40.67,29.23,18.18,96.88,61.73
2025-04-11,27.62,48.9,22.72,54.68,73.6,87.36,25.69,50.25,80.75,41.25,29.1,18.14,95.92,61.95
2025-04-14,27.82,49.07,22.83,55.13,74.52,88.27,25.81,50.39,81.61,41.53,29.37,18.27,97.08,62.48
2025-04-15,27.88,49.04,22.71,55.21,74.64,88.54,25.89,50.37,81.78,41.27,29.3,18.21,97.01,62.73
2025-04-16,27.88,49.19,23.01,55.29,74.25,88.57,25.89,50.49,81.43,41.74,29.31,18.24,96.48,62.74
2025-04-17,27.98,49.26,22.98,55.2,74.63,88.8,26.01,50.53,81.67,41.77,29.53,18.39,96.89,62.91
2025-04-21,27.82,49.19,23.18,54.9,73.92,87.77,25.81,50.49,81.1,42.18,29.29,18.23,96.3,62.27
2025-04-22,27.87,49.32,23.11,54.92,75.08,88.68,25.86,50.58,82.05,41.95,29.62,18.43,96.22,62.84
2025-04-23,28.05,49.24,22.83,55.09,75.91,89.07,26.02,50.55,83.02,41.55,29.91,18.58,96.64,63.09
2025-04-24,28.29,49.45,23.08,55.29,76.68,90.02,26.29,50.71,83.72,41.98,30.19,18.75,96.79,63.76
2025-04-25,28.38,49.42,22.97,55.4,77.2,90.38,26.38,50.68,84.21,41.81,30.23,18.78,96.89,63.98
2025-04-28,28.39,49.39,23.1,55.6,77.45,90.48,26.37,50.66,84.45,42.04,30.3,18.83,96.91,64.03
2025-04-29,28.47,49.43,23.08,55.71,77.7,90.6,26.45,50.72,84.93,41.92,30.34,18.83,96.98,64.17
2025-04-30,28.29,49.55,23.08,55.94,77.53,89.96,26.28,50.82,84.76,41.92,30.18,18.73,97.13,63.74
2025-05-01,28.15,49.34,22.86,55.67,77.74,89.6,26.14,50.74,84.92,41.6,29.94,18.65,96.91,63.39
2025-05-02,28.23,49.23,22.9,55.66,78.52,89.36,26.21,50.66,85.91,41.63,30.14,18.73,96.72,63.27
2025-05-05,28.24,49.23,22.99,55.51,78.24,89.18,26.22,50.67,85.59,41.66,30.01,18.64,96.63,63.13
2025-05-06,28.22,49.24,23.11,55.73,78.23,89.55,26.17,50.72,85.31,41.9,30.08,18.65,96.89,63.41
2025-05-07,28.26,49.4,22.98,55.75,78.17,89.9,26.2,50.78,85.23,41.79,30.14,18.69,97.0,63.58
2025-05-08,28.24,49.16,22.67,55.65,78.89,89.54,26.09,50.61,86.26,41.21,30.13,18.72,96.91,63.35
2025-05-09,28.26,49.18,22.77,55.76,78.91,89.68,26.12,50.68,86.32,41.38,30.17,18.73,96.94,63.45
2025-05-12,28.59,48.97,22.35,55.64,79.95,90.2,26.46,50.52,87.21,40.47,30.33,18.82,96.89,63.78
2025-05-13,28.63,48.93,22.5,55.75,80.45,90.28,26.53,50.52,87.67,40.84,30.43,18.84,97.11,63.83
2025-05-14,28.55,48.84,22.45,55.54,80.52,89.98,26.41,50.39,87.65,40.68,30.29,18.77,96.88,63.65
2025-05-15,28.65,49.05,22.61,55.81,80.46,90.28,26.51,50.59,87.47,40.93,30.47,18.86,97.19,63.89
2025-05-16,28.68,49.07,22.55,55.82,80.87,90.45,26.54,50.61,87.95,40.91,30.55,18.89,97.24,63.96
2025-05-19,28.63,49.13,22.7,55.77,80.88,90.51,26.52,50.69,88.0,41.28,30.57,18.9,97.11,64.01
2025-05-20,28.62,49.05,22.67,55.65,80.71,90.37,26.49,50.58,87.67,41.24,30.47,18.84,97.21,63.93
2025-05-21,28.38,48.83,22.67,55.34,79.66,89.54,26.25,50.42,86.79,41.2,30.0,18.55,96.76,63.4
2025-05-22,28.45,48.9,22.66,55.4,79.7,89.84,26.33,50.49,86.81,41.21,30.05,18.55,96.68,63.59
2025-05-23,28.45,49.11,22.95,55.47,79.61,89.93,26.33,50.63,86.66,41.67,30.08,18.6,96.9,63.63
2025-05-27,28.63,49.28,22.91,55.69,80.1,90.48,26.51,50.76,87.27,41.71,30.34,18.73,97.21,63.98
2025-05-28,28.65,49.3,22.82,55.68,79.82,90.29,26.51,50.74,86.91,41.48,30.15,18.62,97.17,63.94
2025-05-29,28.7,49.38,22.98,55.68,79.74,90.6,26.57,50.82,86.89,41.8,30.2,18.64,97.29,64.07
2025-05-30,28.7,49.45,22.94,55.67,79.77,90.6,26.58,50.86,87.04,41.76,30.23,18.71,97.21,64.08
2025-06-02,28.54,49.3,23.02,55.33,79.76,90.16,26.43,50.82,87.12,42.1,30.04,18.59,96.7,63.75
2025-06-03,28.59,49.3,22.92,55.32,80.33,90.45,26.47,50.85,87.65,41.8,30.17,18.64,96.7,63.91
2025-06-04,28.68,49.33,23.05,55.38,80.57,90.79,26.56,50.9,88.06,42.1,30.27,18.71,96.94,64.18
2025-06-05,28.62,49.18,22.99,55.32,80.5,90.57,26.51,50.78,87.9,42.02,30.31,18.73,96.96,64.1
2025-06-06,28.61,49.2,22.91,55.17,81.12,90.43,26.51,50.77,88.22,41.92,30.27,18.71,96.65,63.95
2025-06-09,28.69,49.28,22.97,55.36,81.26,90.66,26.59,50.85,88.58,41.93,30.35,18.75,96.86,64.07
2025-06-10,28.78,49.38,23.0,55.33,81.27,91.06,26.68,50.92,88.51,42.04,30.43,18.77,96.78,64.34
2025-06-11,28.79,49.37,23.04,55.4,81.21,91.33,26.7,50.97,88.42,42.16,30.41,18.76,96.94,64.55
2025-06-12,28.87,49.48,23.33,55.56,80.84,91.49,26.78,51.05,88.12,42.59,30.34,18.7,97.16,64.62
2025-06-13,28.77,49.32,23.16,55.41,80.27,90.91,26.69,50.89,87.61,42.29,30.16,18.59,97.03,64.31
2025-06-16,28.86,49.29,23.18,55.43,80.88,91.01,26.76,50.91,88.21,42.35,30.22,18.56,97.03,64.33
2025-06-17,28.85,49.33,23.05,55.54,80.44,91.08,26.75,50.94,87.85,42.17,30.18,18.56,97.16,64.4
2025-06-18,28.86,49.42,23.06,55.46,80.55,91.02,26.76,51.02,87.96,42.17,30.26,18.59,97.03,64.34
2025-06-20,28.93,49.42,23.01,55.55,80.61,91.14,26.84,51.02,88.04,42.18,30.3,18.61,97.28,64.43
2025-06-23,28.95,49.46,23.12,55.57,80.88,91.4,26.84,51.05,88.31,42.39,30.36,18.66,97.33,64.61
2025-06-24,29.04,49.47,23.29,55.64,81.65,91.95,26.9,51.07,89.2,42.62,30.57,18.78,97.32,64.93
2025-06-25,29.02,49.43,23.3,55.64,81.5,91.9,26.9,51.04,89.12,42.72,30.48,18.75,97.36,64.9
2025-06-26,29.13,49.48,23.43,55.64,82.08,92.18,26.99,51.09,89.67,42.95,30.67,18.87,97.39,65.11
2025-06-27,29.15,49.46,23.35,55.64,82.25,92.1,27.01,51.07,89.67,42.84,30.6,18.8,97.38,65.07
2025-06-30,29.28,49.51,23.49,55.74,82.66,92.62,27.14,51.09,90.1,43.1,30.68,18.83,97.61,65.35
2025-07-01,29.13,49.45,23.5,55.62,82.29,92.42,27.02,51.15,89.29,43.19,30.67,18.82,97.38,65.18
2025-07-02,29.19,49.29,23.43,55.64,82.73,92.33,27.06,51.0,89.82,43.07,30.9,18.96,97.44,65.18
2025-07-03,29.18,49.37,23.38,55.59,83.1,92.49,27.08,51.09,90.26,43.03,31.01,19.04,97.58,65.24
2025-07-07,29.05,49.31,23.22,55.61,82.88,92.02,27.01,51.02,90.11,42.77,30.91,18.93,97.21,64.98
2025-07-08,29.0,49.19,23.15,55.57,83.09,91.73,26.93,50.95,90.2,42.56,31.0,19.04,97.12,64.78
2025-07-09,29.06,49.28,23.19,55.65,83.46,92.38,27.01,51.03,90.59,42.67,31.19,19.17,97.35,65.18
2025-07-10,29.05,49.23,23.15,55.64,83.82,92.24,27.0,50.94,90.93,42.6,31.36,19.23,97.33,65.11
2025-07-11,29.0,49.11,23.04,55.52,83.61,91.76,26.94,50.88,90.81,42.33,31.21,19.15,96.91,64.77
2025-07-14,29.05,49.11,22.96,55.51,84.23,91.77,26.98,50.88,91.47,42.24,31.12,19.06,97.12,64.81
2025-07-15,28.96,49.12,22.84,55.39,84.24,91.52,26.89,50.85,91.53,41.97,30.94,18.93,96.95,64.63
2025-07-16,29.0,49.24,22.97,55.28,84.62,91.59,26.93,50.95,91.92,42.18,31.05,19.0,96.7,64.67
2025-07-17,29.02,49.21,22.89,55.18,84.8,91.69,26.96,50.92,92.65,42.05,31.22,19.13,96.68,64.68
2025-07-18,29.07,49.19,22.87,55.16,85.19,91.89,27.0,50.93,92.65,42.11,31.17,19.1,96.65,64.83
2025-07-21,29.08,49.35,23.07,55.27,84.96,92.24,27.02,51.04,92.67,42.5,31.13,19.06,96.87,65.04
2025-07-22,29.16,49.39,23.21,55.28,85.28,92.4,27.07,51.08,92.82,42.77,31.15,19.1,96.35,65.19
2025-07-23,29.21,49.22,23.15,55.25,85.39,92.44,27.12,50.95,92.99,42.7,31.11,19.08,96.8,65.23
2025-07-24,29.17,49.14,23.1,55.27,85.29,92.42,27.09,50.89,92.84,42.58,31.13,19.07,96.61,65.22
2025-07-25,29.21,49.25,23.05,55.3,85.35,92.72,27.11,50.96,92.89,42.45,31.18,19.11,96.7,65.4
2025-07-28,29.18,49.31,22.87,55.31,85.1,92.66,27.09,50.98,92.77,42.05,31.13,19.07,96.77,65.38
2025-07-29,29.2,49.37,22.85,55.48,84.57,93.01,27.11,51.04,92.29,41.98,31.24,19.16,96.85,65.65
2025-07-30,29.14,49.31,22.62,55.36,84.88,92.85,27.02,50.94,92.47,41.56,31.17,19.08,96.73,65.5
2025-07-31,29.14,49.35,22.58,55.44,84.92,92.87,27.03,51.04,92.61,41.44,31.25,19.15,96.92,65.51
2025-08-01,28.95,49.41,22.9,55.65,83.82,92.72,26.88,51.19,91.36,42.12,31.04,19.03,97.33,65.32
2025-08-04,29.01,49.47,22.96,55.63,84.56,93.18,26.95,51.24,92.36,42.15,31.25,19.14,97.24,65.66
2025-08-05,29.06,49.47,22.93,55.65,84.39,93.18,26.96,51.24,92.04,42.17,31.21,19.13,97.27,65.68
2025-08-06,29.11,49.42,23.03,55.6,84.27,93.24,27.03,51.21,91.84,42.4,31.14,19.1,97.25,65.7
2025-08-07,29.09,49.44,23.05,55.64,84.68,93.38,27.01,51.22,92.08,42.43,31.04,19.06,97.33,65.78
2025-08-08,29.1,49.36,22.98,55.61,84.49,93.38,27.02,51.13,91.87,42.31,31.16,19.16,97.29,65.77
2025-08-11,29.11,49.34,22.91,55.68,84.46,93.5,27.03,51.14,91.98,42.19,31.14,19.14,97.43,65.84
2025-08-12,29.13,49.28,22.97,55.71,85.28,93.68,27.09,51.09,92.74,42.26,31.33,19.24,97.46,66.01
2025-08-13,29.24,49.44,23.09,55.76,85.66,94.14,27.19,51.19,93.17,42.56,31.49,19.33,97.31,66.32
2025-08-14,29.16,49.32,22.94,55.67,85.31,93.93,27.14,51.1,92.75,42.28,31.44,19.32,97.1,66.18
2025-08-15,29.19,49.14,22.94,55.69,85.39,93.85,27.16,50.98,92.98,42.25,31.4,19.27,97.22,66.1
2025-08-18,29.18,49.17,22.89,55.7,85.59,93.94,27.14,50.97,93.18,42.18,31.49,19.33,97.28,66.14
2025-08-19,29.19,49.23,22.87,55.71,84.8,93.98,27.12,50.99,92.44,42.12,31.5,19.4,97.31,66.21
2025-08-20,29.18,49.3,22.9,55.7,84.75,93.83,27.13,51.05,92.41,42.17,31.46,19.38,97.21,66.11
2025-08-21,29.12,49.2,22.76,55.63,84.72,93.53,27.06,50.94,92.36,41.87,31.49,19.36,97.16,65.89
2025-08-22,29.36,49.28,23.0,55.83,85.96,94.21,27.31,51.07,93.84,42.38,31.72,19.51,97.55,66.34
2025-08-25,29.33,49.18,22.82,55.82,85.76,93.84,27.26,50.96,93.56,42.02,31.61,19.46,97.5,66.1
2025-08-26,29.37,49.26,22.91,55.84,86.04,93.82,27.32,51.04,93.91,42.15,31.61,19.43,97.48,66.09
2025-08-27,29.41,49.27,22.92,55.83,86.08,93.71,27.35,51.03,93.79,42.18,31.63,19.46,97.62,65.99
2025-08-28,29.4,49.31,23.0,55.81,86.39,94.26,27.37,51.09,94.52,42.43,31.62,19.46,97.6,66.34
2025-08-29,29.38,49.31,23.0,55.81,86.28,94.12,27.32,51.05,94.45,42.41,31.46,19.35,97.63,66.24
2025-09-02,29.19,49.0,22.76,55.58,86.05,93.36,27.15,50.92,94.28,42.01,31.31,19.28,97.23,65.7
2025-09-03,29.28,49.14,22.82,55.78,85.82,93.76,27.24,51.03,94.13,42.1,31.38,19.28,97.52,65.98
2025-09-04,29.37,49.25,22.86,55.9,86.06,94.13,27.33,51.14,94.32,42.09,31.5,19.36,97.75,66.24
2025-09-05,29.46,49.4,23.06,56.22,86.56,94.76,27.4,51.25,95.03,42.62,31.72,19.5,98.36,66.65
2025-09-08,29.49,49.44,23.11,56.54,86.78,94.75,27.45,51.3,95.41,42.77,31.87,19.6,98.94,66.65
2025-09-09,29.45,49.42,23.06,56.53,87.49,94.66,27.41,51.27,96.06,42.61,31.8,19.58,98.84,66.6
2025-09-10,29.5,49.48,23.06,56.75,87.62,95.18,27.47,51.31,96.3,42.65,31.87,19.61,99.27,66.94
2025-09-11,29.55,49.51,23.14,56.91,88.39,95.53,27.57,51.34,97.37,42.83,32.05,19.74,99.56,67.16
2025-09-12,29.56,49.41,23.06,56.9,88.43,95.25,27.57,51.26,97.28,42.66,31.98,19.68,99.47,67.0
2025-09-15,29.68,49.46,23.16,57.01,89.06,95.59,27.71,51.32,98.02,42.86,32.1,19.78,99.83,67.16
2025-09-16,29.67,49.47,23.27,57.09,89.09,95.53,27.67,51.3,98.01,43.09,32.11,19.78,99.97,67.1
2025-09-17,29.64,49.46,23.22,57.09,89.23,95.48,27.64,51.35,98.4,43.02,32.1,19.79,99.98,67.09
2025-09-18,29.69,49.39,23.08,57.13,90.1,95.08,27.71,51.29,99.28,42.68,32.1,19.8,99.92,66.78
2025-09-19,29.71,49.39,23.04,57.08,90.41,94.98,27.73,51.28,99.62,42.55,32.13,19.79,99.92,66.73
2025-09-22,29.73,49.39,23.09,57.06,90.77,95.19,27.75,51.26,100.17,42.65,32.08,19.8,99.92,66.88
2025-09-23,29.72,49.38,23.11,57.02,90.34,95.56,27.76,51.28,99.55,42.72,32.04,19.73,99.85,67.2
2025-09-24,29.67,49.38,22.93,56.98,90.01,95.5,27.7,51.21,99.38,42.42,31.88,19.65,99.65,67.19
2025-09-25,29.59,49.35,22.79,56.91,89.61,95.26,27.63,51.17,98.84,42.15,31.71,19.53,99.54,67.03
2025-09-26,29.63,49.39,22.85,56.86,89.55,95.23,27.69,51.22,98.77,42.34,31.79,19.56,99.52,66.93
2025-09-29,29.7,49.45,22.96,56.94,90.47,95.39,27.75,51.29,99.95,42.56,31.79,19.56,99.69,67.03
2025-09-30,29.73,49.46,23.0,57.04,90.5,95.19,27.78,51.23,100.05,42.6,31.62,19.43,99.77,66.9
2025-10-01,29.63,49.38,22.99,56.96,91.32,95.12,27.7,51.27,100.82,42.64,31.73,19.55,99.56,66.8
2025-10-02,29.65,49.41,22.97,56.97,91.99,95.17,27.69,51.32,101.65,42.61,31.73,19.51,99.5,66.84
2025-10-03,29.64,49.41,22.96,57.01,92.12,95.21,27.69,51.35,101.79,42.59,31.76,19.51,99.59,66.9
2025-10-06,29.6,49.3,22.8,57.02,92.77,95.09,27.67,51.28,102.38,42.38,31.79,19.53,99.5,66.85
2025-10-07,29.59,49.34,22.7,57.04,91.96,95.05,27.64,51.29,101.78,42.2,31.75,19.55,99.59,66.79
2025-10-08,29.5,49.47,22.69,57.03,92.73,95.1,27.58,51.38,102.27,42.18,31.7,19.54,99.61,66.84
2025-10-09,29.44,49.4,22.58,57.06,92.61,95.05,27.5,51.35,102.25,41.97,31.46,19.4,99.57,66.82
2025-10-10,29.23,49.61,22.73,57.2,90.9,94.63,27.32,51.5,100.38,42.26,31.13,19.16,99.83,66.6
2025-10-13,29.39,49.66,22.71,57.36,92.9,95.28,27.46,51.53,102.41,42.18,31.35,19.28,100.01,66.97
2025-10-14,29.41,49.71,22.78,57.23,92.91,95.24,27.5,51.6,102.78,42.37,31.4,19.3,99.93,67.01
2025-10-15,29.5,49.77,22.86,57.34,93.42,95.57,27.59,51.65,103.43,42.59,31.52,19.44,100.04,67.14
2025-10-16,29.4,49.88,23.03,57.49,92.44,95.71,27.47,51.78,102.27,42.79,31.33,19.31,100.24,67.27
2025-10-17,29.46,49.8,22.97,57.5,92.06,95.74,27.51,51.69,101.81,42.63,31.41,19.27,100.38,67.25
2025-10-20,29.54,49.84,23.0,57.55,92.8,96.16,27.57,51.7,102.59,42.62,31.66,19.43,100.46,67.49
2025-10-21,29.5,49.88,22.9,57.61,92.07,96.28,27.57,51.76,101.9,42.53,31.63,19.44,100.54,67.66
2025-10-22,29.49,49.91,22.91,57.6,90.84,96.08,27.55,51.8,100.4,42.62,31.46,19.4,100.52,67.57
2025-10-23,29.53,49.85,22.85,57.6,91.65,96.01,27.57,51.75,101.23,42.51,31.51,19.39,100.49,67.45
2025-10-24,29.63,49.78,22.83,57.62,92.83,96.29,27.69,51.71,102.73,42.51,31.64,19.47,100.61,67.67
2025-10-27,29.73,49.87,22.9,57.62,93.41,97.03,27.76,51.79,103.51,42.6,31.73,19.52,100.62,68.22
2025-10-28,29.7,49.9,22.94,57.56,93.18,97.03,27.73,51.78,103.19,42.66,31.66,19.45,100.62,68.22
2025-10-29,29.61,49.76,22.7,57.55,93.64,96.6,27.64,51.69,103.73,42.45,31.52,19.38,100.71,67.95
2025-10-30,29.56,49.79,22.73,57.51,92.52,96.49,27.58,51.73,102.68,42.32,31.31,19.22,100.58,67.86
2025-10-31,29.53,49.85,22.73,57.54,93.16,96.67,27.54,51.77,103.3,42.17,31.21,19.19,100.56,68.0
2025-11-03,29.27,49.7,22.58,57.37,93.29,95.97,27.34,51.71,103.63,42.05,31.02,19.09,100.1,67.46
2025-11-04,29.23,49.66,22.56,57.42,91.5,95.86,27.27,51.7,101.47,41.92,30.9,18.98,100.26,67.38
2025-11-05,29.22,49.62,22.52,57.3,92.83,95.65,27.3,51.65,102.86,41.9,31.02,19.02,100.1,67.23
2025-11-06,29.24,49.64,22.64,57.41,91.52,95.97,27.31,51.73,101.36,42.1,30.96,19.04,100.27,67.47
2025-11-07,29.28,49.62,22.64,57.43,91.83,96.02,27.32,51.7,101.69,42.13,31.01,19.05,100.18,67.46
2025-11-10,29.37,49.64,22.64,57.46,92.6,96.24,27.41,51.7,102.56,42.15,31.18,19.16,100.35,67.58
2025-11-11,29.41,49.71,22.68,57.62,91.92,96.46,27.45,51.79,101.96,42.27,31.18,19.16,100.58,67.78
2025-11-12,29.39,49.71,22.65,57.53,91.41,96.5,27.41,51.79,101.38,42.31,31.13,19.14,100.41,67.78
2025-11-13,29.21,49.59,22.71,57.46,89.02,96.03,27.26,51.69,98.64,42.29,30.84,18.93,100.31,67.53
2025-11-14,29.21,49.46,22.6,57.35,88.49,95.97,27.23,51.63,98.1,42.18,30.89,18.93,100.16,67.47
2025-11-17,29.13,49.5,22.58,57.42,88.09,95.99,27.11,51.64,97.65,42.04,30.64,18.8,100.33,67.51
2025-11-18,29.14,49.5,22.5,57.54,88.13,95.96,27.16,51.64,97.6,41.95,30.62,18.74,100.43,67.48
2025-11-19,29.16,49.45,22.37,57.48,88.25,96.12,27.19,51.56,97.73,41.66,30.49,18.73,100.37,67.54
2025-11-20,29.16,49.46,22.32,57.52,86.48,95.89,27.18,51.58,95.81,41.62,30.31,18.57,100.41,67.43
2025-11-21,29.25,49.56,22.37,57.54,86.73,96.15,27.29,51.63,95.87,41.76,30.47,18.68,100.38,67.55
2025-11-24,29.34,49.52,22.4,57.58,88.46,96.35,27.37,51.66,97.89,41.78,30.59,18.66,100.53,67.71
2025-11-25,29.51,49.65,22.52,57.61,88.83,96.6,27.55,51.75,98.55,42.01,30.77,18.84,100.53,67.81
2025-11-26,29.55,49.67,22.53,57.7,89.89,96.7,27.58,51.78,99.57,42.13,30.92,18.93,100.69,67.92
2025-11-28,29.43,49.65,22.56,57.65,90.57,96.73,27.57,51.76,100.35,42.1,30.95,18.96,100.6,67.93
2025-12-01,29.37,49.39,22.44,57.42,89.98,96.02,27.4,51.62,99.47,41.96,30.65,18.78,100.18,67.36
2025-12-02,29.46,49.41,22.46,57.38,89.68,96.42,27.47,51.65,99.0,42.08,30.83,18.88,100.12,67.61
2025-12-03,29.5,49.44,22.55,57.39,90.0,96.54,27.5,51.65,99.49,42.2,30.88,18.94,100.25,67.74
2025-12-04,29.48,49.39,22.48,57.4,90.68,96.46,27.49,51.59,100.3,42.1,30.79,18.86,100.17,67.63
2025-12-05,29.43,49.32,22.51,57.38,90.65,96.33,27.47,51.55,100.0,42.04,30.87,18.91,100.12,67.53
2025-12-08,29.39,49.2,22.44,57.33,90.74,95.93,27.41,51.47,100.17,41.88,30.87,18.92,100.07,67.29
2025-12-09,29.38,49.24,22.41,57.34,90.8,95.85,27.38,51.46,100.23,41.82,30.87,18.97,100.06,67.25
2025-12-10,29.49,49.23,22.51,57.36,91.02,96.24,27.48,51.46,100.26,42.1,31.07,19.07,100.06,67.48
2025-12-11,29.49,49.22,22.53,57.36,91.41,96.31,27.48,51.52,100.79,42.22,31.15,19.13,100.08,67.5
2025-12-12,29.4,49.19,22.51,57.33,90.26,96.26,27.39,51.48,99.53,42.15,31.02,19.01,99.98,67.5
2025-12-15,29.43,49.24,22.59,57.35,89.16,96.39,27.37,51.53,98.45,42.24,31.04,19.05,100.07,67.6
2025-12-16,29.44,49.3,22.62,57.4,89.05,96.65,27.39,51.56,98.21,42.28,31.07,19.07,100.09,67.72
2025-12-17,29.39,49.3,22.51,57.39,88.08,96.28,27.34,51.52,97.2,42.15,31.04,19.01,100.14,67.5
2025-12-18,29.46,48.34,22.47,57.43,88.73,96.7,27.41,51.6,98.16,42.18,31.15,19.1,100.14,67.45
2025-12-19,29.43,48.23,22.35,57.31,90.23,96.27,27.25,49.95,99.43,41.37,31.14,19.12,100.19,67.4
2025-12-22,29.42,48.23,22.42,57.33,90.98,96.31,27.24,49.94,100.22,41.54,31.15,19.14,100.27,67.42
2025-12-23,29.44,48.33,22.54,57.39,90.6,96.26,27.25,50.01,99.88,41.81,31.05,19.07,100.39,67.42
2025-12-24,29.49,48.42,22.62,57.4,90.74,96.55,27.31,50.12,99.87,41.83,31.1,19.1,100.16,67.59
2025-12-26,29.51,48.42,22.6,57.36,90.42,96.54,27.3,50.16,99.65,41.88,31.06,19.1,100.15,67.56
2025-12-29,29.37,48.37,22.59,57.41,89.98,96.59,27.31,50.13,99.18,41.89,31.0,19.06,100.15,67.65
2025-12-30,29.38,48.38,22.56,57.43,89.64,96.47,27.34,50.08,98.86,41.77,31.06,18.95,100.18,67.56
2025-12-31,29.37,48.32,22.53,57.46,89.2,96.28,27.3,50.01,98.5,41.66,30.96,18.91,100.26,67.43
2026-01-02,29.4,48.31,22.48,57.5,90.55,96.3,27.33,50.05,100.03,41.6,31.27,19.14,100.3,67.45
2026-01-05,29.48,48.38,22.52,57.56,91.53,96.45,27.41,50.09,100.93,41.73,31.33,19.19,100.41,67.53
2026-01-06,29.53,48.44,22.48,57.62,92.69,96.35,27.45,50.16,102.18,41.69,31.45,19.26,100.48,67.47
2026-01-07,29.52,48.53,22.49,57.72,92.1,96.16,27.46,50.22,101.62,41.7,31.41,19.26,100.68,67.37
2026-01-08,29.55,48.53,22.45,57.69,91.83,96.01,27.49,50.21,101.2,41.57,31.38,19.29,100.67,67.29
2026-01-09,29.57,48.54,22.39,57.78,92.3,96.36,27.52,50.25,101.65,41.55,31.57,19.34,100.7,67.43
2026-01-12,29.55,48.58,22.44,57.78,93.13,96.28,27.54,50.28,102.63,41.69,31.62,19.35,100.8,67.39
2026-01-13,29.56,48.54,22.33,57.79,93.34,96.16,27.51,50.23,102.88,41.54,31.64,19.45,100.82,67.37
2026-01-14,29.58,48.61,22.4,57.83,93.42,96.36,27.54,50.27,102.73,41.65,31.74,19.49,100.92,67.48
2026-01-15,29.57,48.59,22.32,57.87,93.62,96.4,27.53,50.25,103.12,41.52,31.82,19.52,100.91,67.5
2026-01-16,29.58,48.54,22.34,57.85,93.89,96.21,27.53,50.23,103.52,41.51,31.78,19.47,100.9,67.41
2026-01-20,29.49,48.39,22.33,57.6,93.11,95.73,27.45,50.12,102.81,41.64,31.61,19.38,100.61,67.1
2026-01-21,29.61,48.43,22.32,57.76,93.84,96.5,27.57,50.17,103.55,41.63,31.85,19.53,100.7,67.55
2026-01-22,29.62,48.47,22.46,57.74,94.22,96.48,27.57,50.19,103.93,41.86,31.94,19.6,100.64,67.57
2026-01-23,29.59,48.45,22.64,57.74,93.89,96.72,27.54,50.16,103.78,42.14,31.91,19.57,100.66,67.72
2026-01-26,29.6,48.53,22.81,57.79,93.7,96.82,27.55,50.23,103.64,42.41,31.88,19.58,100.75,67.77
2026-01-27,29.61,48.52,23.04,57.78,94.91,96.78,27.59,50.22,105.0,42.91,31.84,19.56,100.79,67.74
2026-01-28,29.59,48.51,22.99,57.82,95.73,96.66,27.57,50.27,105.91,42.73,31.81,19.51,100.86,67.67
2026-01-29,29.58,48.67,22.99,57.83,94.82,96.67,27.58,50.32,105.08,42.84,31.69,19.44,100.85,67.73
2026-01-30,29.59,48.57,22.84,57.9,93.4,96.58,27.57,50.3,103.52,42.41,31.69,19.42,100.96,67.66
2026-02-02,29.46,48.43,22.69,57.75,93.82,96.14,27.45,50.18,103.98,42.22,31.46,19.29,100.75,67.29
2026-02-03,29.45,48.41,22.7,57.79,93.85,96.16,27.45,50.16,104.31,42.38,31.34,19.24,100.81,67.28
2026-02-04,29.44,48.48,22.64,57.83,92.81,96.2,27.43,50.14,102.8,42.27,31.44,19.26,100.9,67.23
2026-02-05,29.41,48.54,22.64,57.92,91.26,96.44,27.4,50.22,101.29,42.18,31.16,19.12,101.04,67.48
2026-02-06,29.5,48.55,22.68,57.93,93.95,96.69,27.45,50.23,104.41,42.36,31.47,19.27,101.03,67.58
2026-02-09,29.55,48.57,22.83,57.96,95.02,96.72,27.51,50.25,105.17,42.7,31.51,19.3,101.09,67.62
2026-02-10,29.58,48.68,22.93,58.05,94.59,96.97,27.53,50.31,104.68,42.79,31.52,19.31,101.16,67.83
2026-02-11,29.62,48.69,22.97,58.0,94.5,96.98,27.53,50.38,104.4,42.86,31.58,19.38,101.11,67.83
2026-02-12,29.66,48.8,23.04,58.11,93.91,97.25,27.56,50.47,103.84,42.88,31.48,19.23,101.29,68.05
2026-02-13,29.7,48.81,23.08,58.16,94.51,97.42,27.59,50.52,104.73,42.94,31.69,19.42,101.41,68.15
2026-02-17,29.67,48.9,23.07,58.18,94.78,97.62,27.57,50.58,104.81,42.97,31.83,19.47,101.47,68.31
2026-02-18,29.71,48.9,22.93,58.16,94.91,97.66,27.63,50.56,105.1,42.67,31.78,19.48,101.47,68.34
2026-02-19,29.75,48.93,22.92,58.18,94.98,97.55,27.65,50.6,105.26,42.67,31.71,19.39,101.46,68.26
2026-02-20,29.75,48.98,22.93,58.22,94.64,97.65,27.64,50.66,105.05,42.77,31.7,19.4,101.55,68.3
2026-02-23,29.7,49.07,23.05,58.24,94.13,97.71,27.6,50.72,104.37,42.82,31.5,19.31,101.62,68.37
2026-02-24,29.7,49.09,22.99,58.28,94.91,97.65,27.59,50.72,104.9,42.74,31.69,19.46,101.7,68.28
2026-02-25,29.71,49.03,22.98,58.33,95.62,97.74,27.62,50.69,105.69,42.81,31.71,19.42,101.69,68.35
2026-02-26,29.71,49.11,23.03,58.37,95.07,97.68,27.64,50.74,105.39,42.86,31.63,19.36,101.76,68.33
2026-02-27,29.63,49.2,23.03,58.41,94.38,97.73,27.57,50.86,104.78,42.99,31.41,19.25,101.83,68.35
2026-03-02,29.5,48.93,22.72,58.09,94.74,96.99,27.37,50.66,105.61,42.49,31.46,19.19,101.34,67.72
2026-03-03,29.32,48.83,22.49,57.77,93.08,96.55,27.23,50.6,103.31,42.13,31.28,19.04,100.82,67.45
2026-03-04,29.41,48.77,22.57,57.82,93.99,96.87,27.33,50.6,104.42,42.22,31.42,19.12,100.81,67.61
2026-03-05,29.23,48.58,22.4,57.78,93.04,96.38,27.19,50.41,103.31,41.88,31.29,19.02,100.74,67.39
2026-03-06,29.05,48.44,22.36,57.73,91.34,95.75,26.98,50.34,101.28,41.83,31.12,18.9,100.73,66.94
2026-03-09,29.17,48.51,22.41,57.73,92.87,95.96,27.12,50.37,103.18,41.84,31.17,18.91,100.65,67.08
2026-03-10,29.12,48.47,22.39,57.61,93.01,95.95,27.06,50.31,103.5,41.85,31.15,18.92,100.55,67.09
2026-03-11,29.02,48.25,22.28,57.49,93.45,95.64,26.96,50.15,104.1,41.52,31.04,18.83,100.25,66.94
2026-03-12,28.82,48.08,22.07,57.24,92.03,94.84,26.75,50.02,102.03,41.21,30.85,18.67,99.87,66.41
2026-03-13,28.72,48.0,21.9,57.44,92.05,94.38,26.66,49.96,102.4,40.8,30.67,18.57,100.17,65.99
2026-03-16,28.79,48.22,22.09,57.5,93.22,94.75,26.76,50.13,103.76,41.24,30.75,18.64,100.23,66.29
2026-03-17,28.9,48.3,22.16,57.51,93.91,95.1,26.88,50.14,104.42,41.44,30.9,18.72,100.24,66.55
2026-03-18,28.75,48.11,21.97,57.39,93.63,94.36,26.7,50.04,104.23,41.04,30.67,18.6,100.09,66.01
2026-03-19,28.8,48.13,22.19,57.3,94.11,94.63,26.78,50.08,104.79,41.49,30.71,18.59,99.93,66.14
2026-03-20,28.46,47.81,21.92,56.8,91.98,93.15,26.46,49.74,102.46,40.95,30.27,18.3,99.14,65.2
2026-03-23,28.67,48.01,22.12,57.01,92.72,94.06,26.68,49.95,103.16,41.26,30.45,18.46,99.34,65.7
2026-03-24,28.59,47.83,21.98,56.57,92.97,93.58,26.62,49.76,103.66,41.07,30.44,18.5,98.8,65.44
2026-03-25,28.73,48.08,22.04,56.72,93.49,94.43,26.74,50.01,104.32,41.22,30.61,18.59,98.98,66.01
2026-03-26,28.51,47.74,21.8,56.61,91.43,93.46,26.54,49.76,102.0,40.69,30.38,18.43,98.73,65.33
2026-03-27,28.41,47.66,21.73,56.57,89.81,92.95,26.41,49.68,100.84,40.54,30.16,18.31,98.67,65.0
2026-03-30,28.42,47.79,21.72,56.72,89.04,93.11,26.45,49.81,99.15,40.56,30.12,18.24,98.83,65.13
2026-03-31,28.72,48.05,21.95,56.86,91.52,93.93,26.72,50.04,101.79,41.06,30.32,18.4,99.08,65.69
2026-04-01,28.73,48.01,21.96,56.88,92.47,93.86,26.73,49.86,102.82,41.16,30.38,18.39,99.11,65.6
2026-04-02,28.81,47.96,21.88,56.97,93.3,93.97,26.79,49.83,103.89,40.99,30.43,18.42,99.34,65.72
2026-04-06,28.89,47.88,21.86,56.94,93.22,93.94,26.84,49.79,103.94,40.89,30.5,18.47,99.25,65.72
2026-04-07,28.94,47.91,21.93,56.98,93.84,93.99,26.88,49.81,104.53,41.1,30.47,18.53,99.4,65.81
2026-04-08,29.14,48.28,22.25,57.21,96.39,95.11,27.08,50.13,107.39,41.68,30.74,18.66,99.73,66.38
2026-04-09,29.19,48.13,22.22,57.3,96.51,95.51,27.13,50.03,107.56,41.7,30.84,18.77,99.92,66.68
2026-04-10,29.13,48.0,22.17,57.25,96.5,95.5,27.04,49.92,107.64,41.62,30.79,18.73,99.86,66.69
2026-04-13,29.23,48.04,22.21,57.34,97.88,96.03,27.14,49.91,108.59,41.69,30.99,18.83,100.01,67.04
2026-04-14,29.34,48.22,22.38,57.37,98.84,96.46,27.26,50.05,109.8,41.98,31.25,18.93,100.06,67.32
2026-04-15,29.32,48.12,22.34,57.27,99.03,96.25,27.23,49.96,110.31,41.97,31.36,19.0,99.96,67.26
2026-04-16,29.28,48.09,22.27,57.32,100.14,95.95,27.17,49.97,111.2,41.86,31.33,18.91,99.97,67.0
2026-04-17,29.4,48.33,22.42,57.46,100.51,96.67,27.29,50.21,112.06,42.13,31.46,18.96,100.2,67.51
2026-04-20,29.36,48.27,22.45,57.47,100.89,96.59,27.26,50.15,112.35,42.11,31.44,19.01,100.26,67.49
2026-04-21,29.28,48.1,22.24,57.42,99.9,96.13,27.18,49.97,111.32,41.76,31.24,18.89,100.17,67.17
2026-04-22,29.33,48.18,22.25,57.44,101.0,96.38,27.23,50.07,112.33,41.73,31.51,19.04,100.21,67.31
2026-04-23,29.29,48.09,22.17,57.48,100.92,95.93,27.18,49.96,112.01,41.65,31.49,19.07,100.19,67.08
2026-04-24,29.29,48.17,22.25,57.48,100.78,96.2,27.2,50.09,112.19,41.83,31.52,19.12,100.25,67.2
2026-04-27,29.3,48.05,22.19,57.48,100.71,96.03,27.22,49.93,111.95,41.71,31.49,19.07,100.23,67.07
2026-04-28,29.27,48.0,22.13,57.42,99.17,95.95,27.2,49.87,110.1,41.6,31.29,19.0,100.1,66.99
2026-04-29,29.17,47.86,21.98,57.28,99.75,95.5,27.07,49.79,111.18,41.31,31.17,18.92,99.92,66.75
2026-04-30,29.26,48.05,22.27,57.31,101.04,95.8,27.14,49.91,112.71,41.88,31.45,19.09,99.98,66.93
2026-05-01,29.14,47.97,22.23,57.14,101.87,95.57,27.04,49.94,113.59,41.82,31.41,19.0,99.69,66.71
2026-05-04,29.04,47.84,22.13,57.11,102.42,95.08,26.95,49.84,114.62,41.63,31.26,18.91,99.59,66.4
2026-05-05,29.11,47.89,22.13,57.12,103.9,95.52,27.03,49.87,115.91,41.78,31.45,18.95,99.63,66.68
2026-05-06,29.21,48.16,22.34,57.24,105.65,96.27,27.12,50.12,118.29,42.18,31.61,19.08,99.77,67.16
2026-05-07,29.08,48.08,22.31,57.23,104.28,95.9,27.04,50.04,116.45,42.06,31.52,19.0,99.74,66.94
2026-05-08,29.17,48.14,22.39,57.27,104.68,96.15,27.13,50.16,116.76,42.27,31.72,19.14,99.75,67.08
2026-05-11,29.09,47.98,22.29,57.24,106.0,95.97,27.04,50.0,118.47,42.07,31.68,19.06,99.7,66.96
2026-05-12,29.02,47.81,22.14,57.12,104.81,95.72,26.98,49.88,116.96,41.71,31.57,19.08,99.58,66.76
2026-05-13,29.01,47.9,22.11,57.02,106.04,95.54,26.96,49.93,118.62,41.74,31.58,19.03,99.44,66.6
2026-05-14,29.01,47.97,22.05,57.04,106.57,95.54,26.96,49.92,119.18,41.52,31.6,19.05,99.41,66.61
2026-05-15,28.82,47.57,21.81,56.79,104.5,94.71,26.8,49.68,117.19,41.01,31.23,18.84,98.99,66.14
2026-05-18,28.84,47.7,21.9,56.8,102.86,94.62,26.82,49.79,115.36,41.27,31.16,18.82,98.93,66.04
2026-05-19,28.75,47.59,21.74,56.66,102.44,94.25,26.73,49.68,114.64,41.03,30.97,18.7,98.67,65.75
2026-05-20,28.92,47.92,21.95,56.75,103.11,94.92,26.93,49.97,115.57,41.42,31.11,18.81,98.96,66.18
2026-05-21,29.0,47.98,21.94,56.77,105.37,94.99,26.98,50.01,117.99,41.43,31.13,18.81,98.97,66.22
2026-05-22,29.03,48.06,21.93,56.84,105.65,95.17,27.02,50.04,118.38,41.43,31.24,18.82,99.08,66.31
2026-05-26,29.11,48.23,22.04,57.08,106.75,95.64,27.06,50.19,119.9,41.68,31.34,18.9,99.49,66.64
2026-05-27,29.12,48.22,22.04,57.14,106.91,95.98,27.08,50.2,119.94,41.68,31.39,18.95,99.66,66.89
2026-05-28,29.14,48.26,22.11,57.25,107.72,96.23,27.11,50.23,120.41,41.93,31.5,19.0,99.83,67.09
2026-05-29,29.23,48.33,22.17,57.35,108.1,96.43,27.2,50.27,120.68,41.98,31.56,19.02,100.05,67.25
2026-06-01,29.06,48.11,22.03,57.24,109.43,96.01,27.04,50.23,122.63,41.77,31.4,18.94,99.84,66.87
2026-06-02,29.09,48.2,22.02,57.33,110.74,96.26,27.04,50.27,123.9,41.8,31.44,18.95,100.0,67.04
2026-06-03,29.03,48.03,21.89,57.31,109.46,95.9,26.98,50.17,122.7,41.45,31.23,18.84,99.95,66.83
2026-06-04,29.09,48.08,21.93,57.38,109.66,96.1,27.03,50.22,122.8,41.54,31.25,18.9,100.0,66.99
2026-06-05,28.94,48.01,21.74,57.28,105.23,95.4,26.89,50.14,117.65,41.17,30.91,18.75,99.87,66.56
2026-06-08,28.95,47.95,21.7,57.29,105.56,95.28,26.91,50.07,118.25,41.08,30.97,18.69,99.92,66.44
2026-06-09,29.0,47.99,21.78,57.37,104.68,95.67,26.97,50.14,117.37,41.15,30.89,18.66,100.0,66.67
2026-06-10,28.92,47.9,21.72,57.22,103.36,95.35,26.89,50.08,115.55,41.08,30.77,18.61,99.83,66.44
2026-06-11,29.11,48.18,21.94,57.33,105.62,96.27,27.08,50.31,118.15,41.5,31.02,18.77,99.96,67.07
2026-06-12,29.12,48.26,21.94,57.31,106.88,96.36,27.09,50.32,119.75,41.49,31.07,18.82,99.96,67.18
2026-06-15,29.18,48.27,22.0,57.38,109.77,96.71,27.15,50.39,123.18,41.58,31.3,18.93,100.07,67.37
2026-06-16,29.18,48.33,22.06,57.4,109.48,96.67,27.17,50.46,122.76,41.72,31.19,18.94,100.09,67.39
2026-06-17,29.09,48.31,21.87,57.33,109.54,96.28,27.1,50.43,122.97,41.33,31.09,18.84,100.0,67.12
2026-06-18,29.18,48.35,21.82,57.5,110.58,96.73,27.19,50.53,124.25,41.2,31.23,18.89,100.24,67.44
2026-06-22,29.17,48.27,21.72,57.49,110.42,96.4,27.16,50.45,124.27,41.02,30.84,18.74,100.28,67.19
2026-06-23,29.15,48.38,21.67,57.45,108.24,96.26,27.16,50.46,121.85,40.91,30.78,18.74,100.24,67.08
2026-06-24,29.19,48.5,21.66,57.51,107.13,96.57,27.18,50.58,120.56,40.97,30.68,18.68,100.34,67.29
2026-06-25,29.24,48.49,21.68,57.55,107.52,96.56,27.22,50.6,121.04,41.0,30.44,18.65,100.43,67.29
2026-06-26,29.22,48.51,21.73,57.6,105.5,96.54,27.19,50.6,118.81,41.04,30.36,18.64,100.5,67.24
2026-06-29,29.25,48.52,21.75,57.65,107.14,96.82,27.23,50.61,120.81,41.16,30.61,18.68,100.61,67.48
2026-06-30,29.24,48.43,21.68,57.64,107.82,96.44,27.24,50.6,121.74,41.03,30.49,18.69,100.6,67.24
2026-07-01,29.11,48.27,21.59,57.51,105.85,96.02,27.12,50.16,119.43,40.9,30.47,18.61,100.3,66.87
2026-07-02,29.16,48.24,21.68,57.58,104.38,96.2,27.17,50.13,117.43,41.04,30.48,18.58,100.39,67.0
2026-07-06,29.18,48.22,21.67,57.58,105.33,96.35,27.21,50.11,118.19,40.97,30.74,18.79,100.43,67.05
2026-07-07,29.14,48.02,21.55,57.48,103.85,95.94,27.15,49.94,116.3,40.75,30.51,18.65,100.23,66.68
2026-07-08,29.05,47.83,21.5,57.33,104.65,95.79,27.1,49.81,117.08,40.66,30.45,18.56,100.01,66.62
2026-07-09,29.09,48.02,21.52,57.36,105.62,95.96,27.12,49.9,118.56,40.75,30.56,18.68,100.05,66.7
2026-07-10,29.03,48.08,21.59,57.35,105.24,95.99,27.09,49.99,117.92,40.84,30.54,18.65,100.09,66.8
2026-07-13,28.96,47.89,21.45,57.33,103.86,95.38,27.0,49.82,116.38,40.58,30.35,18.55,99.97,66.39
2026-07-14,29.03,47.96,21.59,57.34,104.14,95.57,27.07,49.91,116.57,40.8,30.51,18.57,100.02,66.51
2026-07-15,29.07,48.03,21.66,57.25,103.59,95.73,27.14,49.96,116.0,41.0,30.62,18.65,99.85,66.6
2026-07-16,29.06,47.96,21.59,57.12,101.54,95.59,27.12,49.89,113.65,40.85,30.37,18.57,99.69,66.56
2026-07-17,29.05,47.93,21.56,57.11,101.49,95.53,27.12,49.85,113.74,40.77,30.35,18.59,99.63,66.48
2026-07-20,29.03,47.82,21.51,57.06,101.82,95.37,27.07,49.8,114.16,40.68,30.32,18.5,99.52,66.36
2026-07-21,28.99,47.83,21.46,57.0,103.69,95.38,27.04,49.78,116.72,40.58,30.32,18.52,99.39,66.3
2026-07-22,28.94,47.8,21.46,56.81,104.0,95.09,26.98,49.75,116.51,40.55,30.45,18.55,99.08,66.12
2026-07-23,28.82,47.71,21.36,56.47,103.17,94.53,26.86,49.72,115.9,40.35,30.14,18.39,98.44,65.72
2026-07-24,28.82,47.8,21.4,56.52,101.48,94.64,26.87,49.75,113.75,40.44,30.16,18.36,98.59,65.85
2026-07-27,28.89,47.92,21.44,56.67,101.34,94.96,26.89,49.83,113.44,40.55,30.28,18.45,98.77,66.02
2026-07-28,28.92,47.99,21.47,56.74,100.31,95.19,26.95,49.93,111.86,40.66,30.36,18.49,98.87,66.13
2026-07-29,28.84,47.81,21.5,56.59,98.39,94.56,26.86,49.77,109.68,40.68,30.1,18.34,98.86,65.74
2026-07-30,28.93,47.88,21.77,56.56,101.49,94.79,26.95,49.83,113.38,41.15,30.44,18.52,98.72,65.87
2026-07-31,28.92,47.77,21.72,56.53,101.85,94.66,26.92,49.75,113.23,41.01,30.47,18.52,98.66,65.84
2026-08-03,28.85,47.84,21.77,56.37,103.3,94.75,26.87,49.9,115.11,41.24,30.62,18.61,98.45,65.81
2026-08-04,28.97,47.97,21.88,56.59,105.35,95.22,26.98,50.03,117.12,41.38,30.73,18.67,98.79,66.13
2026-08-05,28.97,47.99,21.91,56.68,104.34,95.17,26.98,50.05,116.09,41.46,30.74,18.62,98.89,66.16
2026-08-06,28.95,47.89,21.86,56.66,102.88,94.95,26.93,49.96,114.55,41.27,30.52,18.51,98.86,66.03
2026-08-07,29.02,47.95,21.99,56.83,103.86,95.24,26.99,50.03,115.71,41.45,30.64,18.6,99.14,66.21
2026-08-10,28.96,47.79,21.79,56.79,103.61,94.84,26.99,49.9,115.14,41.19,30.57,18.56,99.1,65.96
2026-08-11,28.96,47.82,21.83,56.83,103.67,94.83,27.0,49.91,115.41,41.24,30.59,18.57,99.17,65.94
2026-08-12,29.03,47.82,21.84,56.85,105.9,94.94,27.02,49.91,118.3,41.19,30.77,18.65,99.21,65.99
2026-08-13,29.09,47.91,21.83,56.93,106.4,95.36,27.12,49.99,118.53,41.29,30.89,18.72,99.35,66.28
2026-08-14,29.04,47.72,21.78,56.81,106.6,95.05,27.07,49.87,119.02,41.2,30.84,18.66,99.15,66.13
2026-08-17,29.0,47.65,21.77,56.65,106.5,94.7,27.02,49.78,119.12,41.22,30.63,18.53,98.85,65.9
2026-08-18,28.99,47.59,21.74,56.53,104.45,94.64,26.98,49.78,116.42,41.11,30.45,18.41,98.6,65.83
2026-08-19,29.07,47.74,21.98,56.65,103.73,95.11,27.07,49.84,115.84,41.53,30.59,18.48,98.84,66.11
2026-08-20,28.99,47.65,21.93,56.58,103.57,94.67,27.0,49.79,115.62,41.46,30.45,18.42,98.62,65.88
2026-08-21,29.0,47.65,21.96,56.51,103.69,94.72,27.0,49.77,115.86,41.49,30.46,18.39,98.55,65.91
2026-08-24,29.03,47.68,21.95,56.52,102.66,94.85,27.03,49.81,114.72,41.47,30.51,18.4,98.63,65.99
2026-08-25,29.11,47.91,22.04,56.56,103.68,95.38,27.12,49.98,115.84,41.72,30.68,18.5,98.63,66.31
2026-08-26,29.1,47.78,21.93,56.49,103.75,95.31,27.09,49.85,115.5,41.49,30.69,18.51,98.5,66.24
2026-08-27,29.1,47.7,21.91,56.41,104.04,95.13,27.09,49.78,116.17,41.42,30.64,18.48,98.4,66.2
2026-08-28,29.03,47.6,21.8,56.27,102.46,94.89,27.03,49.74,114.25,41.2,30.54,18.41,98.31,66.01
2026-08-31,29.01,47.55,21.82,56.19,102.19,94.77,27.01,49.72,113.84,41.21,30.44,18.32,98.13,65.94
2026-09-01,28.72,47.27,21.65,55.75,100.95,94.09,26.77,49.58,112.39,40.92,30.1,18.11,97.46,65.43
2026-09-02,28.77,47.25,21.72,55.73,101.31,94.15,26.8,49.59,112.82,41.09,30.2,18.14,97.42,65.45
2026-09-03,28.81,47.4,21.94,55.74,102.46,94.45,26.82,49.68,114.03,41.35,30.36,18.23,97.26,65.62
2026-09-04,28.8,47.45,21.93,55.7,102.95,94.47,26.81,49.74,114.78,41.38,30.36,18.26,97.28,65.67
2026-09-08,28.79,47.39,22.01,55.75,104.13,94.36,26.76,49.68,116.09,41.43,30.39,18.29,97.22,65.56
2026-09-09,28.73,47.23,21.97,55.45,103.38,94.17,26.7,49.55,115.56,41.25,30.18,18.17,96.78,65.38
2026-09-10,28.55,46.97,21.77,55.09,101.98,93.41,26.52,49.35,113.94,40.93,29.97,18.01,96.13,64.92
2026-09-11,28.51,46.99,21.77,55.34,102.65,93.34,26.52,49.41,114.16,40.92,30.15,18.12,96.39,64.88
2026-09-14,28.47,46.93,21.67,55.3,101.24,93.22,26.46,49.38,112.68,40.72,29.94,17.96,96.39,64.72
2026-09-15,28.41,46.87,21.56,55.14,100.32,92.99,26.39,49.3,111.66,40.61,29.83,17.91,96.05,64.58
2026-09-16,28.44,46.97,21.47,55.11,100.4,93.06,26.44,49.35,112.0,40.34,29.9,17.96,96.06,64.67
2026-09-17,28.57,47.11,21.58,55.26,101.56,93.66,26.57,49.49,113.09,40.56,30.13,18.06,96.33,65.08
2026-09-18,28.49,47.05,21.48,55.09,101.69,93.38,26.48,49.45,113.45,40.53,30.0,18.02,96.08,64.91
2026-09-21,28.55,47.21,21.54,55.11,102.92,93.78,26.55,49.56,114.97,40.6,30.21,18.1,96.05,65.1
