date,BATRA,BATRK,BF A,BF B,LEN,LEN B,MOG A,MOG B,SMH,SOXX,Z,ZG
2021-09-24,27.16,26.62,64.35,68.64,96.0516,77.9138,76.88,76.04,136.195,157.6,90.41,91.07
2021-09-27,27.92,27.37,63.74,68.15,95.6096,78.6551,78.24,76.04,135.71,157.2167,90.47,91.08
2021-09-28,26.99,26.45,63.28,67.65,92.4482,75.5948,77.06,76.04,130.245,151.0667,87.97,88.6
2021-09-29,27.09,26.57,63.44,67.88,92.5731,75.8609,77.18,77.18,128.28,148.6833,85.66,86.88
2021-09-30,26.91,26.42,62.67,67.01,90.0171,73.7415,76.23,77.18,128.135,148.6233,88.14,88.58
2021-10-01,27.71,27.34,63.48,67.18,90.0363,73.58,78.56,77.18,128.245,148.72,90.36,91.4
2021-10-04,27.36,26.76,63.64,67.14,88.6815,72.3825,78.99,77.18,124.905,144.89,85.38,85.68
2021-10-05,27.35,26.77,63.34,66.83,88.2587,72.1924,79.07,77.18,126.66,147.0833,86.5,86.37
2021-10-06,26.78,26.27,64.11,67.58,89.6039,73.4184,78.24,77.18,127.045,147.6567,88.34,88.66
2021-10-07,27.13,26.57,64.42,67.82,90.3823,73.9601,79.09,79.0,128.625,149.3833,93.66,93.22
2021-10-08,26.76,26.27,64.59,67.96,90.1805,73.4469,79.03,79.0,127.375,147.8533,91.04,90.67
2021-10-11,26.3,25.79,64.74,68.22,89.8442,72.8672,79.15,79.5,126.615,146.8633,89.99,89.79
2021-10-12,26.8,26.24,64.39,67.78,90.8339,73.5515,79.73,80.0,125.335,145.03,92.13,91.91
2021-10-13,26.87,26.32,64.76,68.52,91.3335,74.2072,78.87,79.5,126.405,145.8667,94.43,94.01
2021-10-14,27.23,26.74,65.3,69.55,94.4853,76.6783,80.66,79.5,130.2,150.3933,95.39,95.01
2021-10-15,27.4,26.76,65.5,69.28,93.3226,75.7659,79.9,82.11,131.29,151.3967,94.97,94.3
2021-10-18,27.42,26.79,65.34,69.36,96.2149,77.9043,79.51,82.11,132.325,152.6167,86.0,85.46
2021-10-19,27.65,26.96,65.65,70.02,95.9555,77.7142,79.69,82.11,133.84,154.4867,87.59,88.86
2021-10-20,27.3,26.7,65.88,69.95,98.2232,79.3964,79.87,82.11,133.25,154.1667,88.61,89.61
2021-10-21,29.28,28.59,64.92,69.17,97.4545,79.0543,80.05,82.11,134.77,155.72,92.03,93.32
2021-10-22,28.89,28.08,65.43,69.49,96.5705,78.3795,79.12,79.56,133.58,153.9733,92.21,93.68
2021-10-25,29.17,28.26,65.13,69.36,96.3879,78.3225,79.72,79.9,134.255,155.03,95.43,96.36
2021-10-26,29.94,29.04,65.0,69.32,96.5224,77.9423,78.36,79.9,135.02,155.1467,95.47,96.19
2021-10-27,30.6,29.59,64.51,69.01,95.8209,77.4101,77.16,79.9,133.88,154.0333,93.18,94.4
2021-10-28,30.75,29.76,65.06,68.88,96.3494,78.313,76.91,79.9,136.43,157.5067,98.6,100.56
2021-10-29,30.57,29.72,64.03,67.89,96.0227,78.0088,75.53,77.17,136.82,158.21,103.63,105.72
2021-11-01,31.96,30.96,66.84,70.94,97.1758,78.8357,76.16,78.2,138.39,160.79,97.15,96.61
2021-11-02,31.42,30.46,67.07,71.73,96.0804,77.8473,75.83,78.19,139.915,162.79,87.2,85.48
2021-11-03,31.03,30.22,67.26,71.55,97.9253,79.4154,77.57,78.19,141.3,164.6667,65.47,65.86
2021-11-04,30.68,30.07,66.68,71.26,97.4353,79.1113,78.03,78.19,147.15,170.2067,67.48,68.52
2021-11-05,30.69,30.19,67.48,72.68,100.2123,81.2782,83.64,83.36,148.3,172.0967,66.05,66.17
2021-11-08,29.95,29.52,66.92,72.53,100.3468,81.4018,82.49,83.0,150.97,174.4233,67.67,68.23
2021-11-09,29.06,28.75,67.03,72.5,103.4505,83.9203,81.12,83.0,151.17,174.4233,66.4,66.62
2021-11-10,30.43,30.08,67.25,72.61,100.9618,82.048,81.93,83.0,146.4,169.28,64.27,64.18
2021-11-11,30.64,30.32,67.07,72.69,102.259,83.0935,80.48,83.0,149.035,172.86,63.64,63.48
2021-11-12,30.86,30.69,66.64,71.9,103.9982,84.5191,80.43,83.0,150.55,174.55,63.95,63.94
2021-11-15,31.15,30.76,66.92,72.15,102.7202,83.274,80.95,83.0,150.35,174.42,63.54,63.6
2021-11-16,31.2,30.88,66.94,71.87,103.8541,84.386,79.52,83.0,152.3,177.0333,62.8,62.72
2021-11-17,31.13,30.73,67.4,72.29,106.0641,86.0017,79.99,83.0,151.395,175.8,60.28,60.12
2021-11-18,30.81,30.54,67.68,72.7,106.7848,86.4104,78.36,83.0,155.12,178.74,57.09,57.31
2021-11-19,30.59,30.31,70.1,75.23,107.0731,86.8856,75.88,83.0,156.1,179.2367,56.11,56.39
2021-11-22,29.85,29.5,70.09,74.84,105.9008,85.7831,76.07,83.0,153.745,176.64,53.25,53.65
2021-11-23,30.45,30.12,70.28,74.98,106.3716,85.9162,76.68,78.28,152.63,175.93,54.34,54.39
2021-11-24,30.17,29.92,69.41,74.62,105.4588,85.0703,75.51,78.28,154.17,177.8633,56.49,56.11
2021-11-26,28.98,28.53,69.3,74.4,102.8547,82.9319,71.44,78.28,149.7,172.9133,55.62,55.07
2021-11-29,28.22,27.94,69.28,74.19,103.0565,83.2836,72.16,78.28,155.71,179.56,54.26,54.16
2021-11-30,27.87,27.51,65.67,70.36,100.9425,81.5253,69.17,73.0,152.45,176.4133,54.27,54.11
2021-12-01,27.47,27.09,66.26,70.64,104.3249,84.405,67.77,68.48,151.91,175.0033,53.0,52.38
2021-12-02,28.48,27.98,67.32,71.79,108.6874,87.8645,70.84,70.99,152.305,175.2567,54.25,53.77
2021-12-03,28.25,27.66,67.52,72.38,107.9283,87.0852,70.21,71.25,150.575,174.8133,60.39,59.43
2021-12-06,28.28,27.89,68.69,73.61,110.3017,89.2426,74.01,76.04,150.0,174.59,60.86,60.27
2021-12-07,28.44,27.9,68.5,73.45,110.3305,89.2045,74.03,76.04,157.275,183.4,62.74,61.85
2021-12-08,28.51,28.06,66.0,70.46,110.8302,89.9554,74.36,76.04,156.595,182.2067,65.21,64.48
2021-12-09,28.53,28.03,65.66,70.58,111.0224,89.8698,74.38,72.86,152.805,178.0167,62.35,61.24
2021-12-10,28.31,27.96,65.7,71.27,112.3388,89.3756,75.21,72.86,153.775,179.6967,60.23,59.1
2021-12-13,27.89,27.55,67.08,72.23,108.7258,87.1232,74.35,72.86,149.785,174.6267,59.52,57.97
2021-12-14,28.0,27.56,66.97,71.86,106.804,85.9447,74.85,72.86,148.92,173.7867,58.73,57.57
2021-12-15,28.31,27.77,67.24,71.99,108.6682,88.2922,76.99,72.86,155.08,180.1667,61.31,59.91
2021-12-16,27.99,27.5,67.57,72.7,104.2192,84.5571,76.42,72.86,148.34,172.3067,59.38,58.03
2021-12-17,28.04,27.56,67.22,71.9,101.7017,82.4567,75.96,72.86,147.645,171.9,62.46,61.06
2021-12-20,27.8,27.41,67.34,72.03,101.6728,82.4757,74.79,73.82,145.755,170.5533,59.54,58.34
2021-12-21,28.36,27.89,67.0,71.73,104.469,84.7092,78.02,73.82,151.02,176.7067,62.09,60.78
2021-12-22,28.4,27.88,66.91,71.99,107.9571,87.5889,77.59,73.82,152.815,178.5433,62.14,60.8
2021-12-23,28.71,28.21,66.8,71.72,107.6688,87.3132,78.75,79.0,154.13,180.27,63.74,62.34
2021-12-27,28.59,28.06,66.97,72.09,109.0333,88.4917,79.19,80.0,158.28,185.21,62.39,60.99
2021-12-28,28.22,27.76,66.9,72.04,110.0231,89.2996,80.45,80.0,156.72,183.1667,61.73,60.0
2021-12-29,28.25,27.67,67.54,72.45,111.5605,90.6682,80.87,80.0,156.695,183.4467,60.97,59.21
2021-12-30,28.77,28.19,67.88,72.4,110.7437,89.6607,79.68,80.0,154.915,181.32,62.83,61.27
2021-12-31,28.75,28.1,67.79,72.86,111.6181,90.8772,80.97,80.0,154.395,180.7733,63.85,62.22
2022-01-03,28.79,28.23,66.71,71.59,107.4382,87.6554,80.49,80.0,157.8,184.3667,63.44,61.93
2022-01-04,28.33,27.76,66.63,71.43,108.1397,88.5393,82.59,80.0,156.98,183.8,62.25,60.8
2022-01-05,27.88,27.42,66.69,71.85,106.4773,86.9331,81.17,80.0,151.595,177.5567,58.34,56.93
2022-01-06,28.36,27.79,63.99,69.23,103.8445,84.9753,81.68,82.06,153.1,178.9367,57.34,56.0
2022-01-07,28.05,27.49,63.2,68.15,98.9247,80.9456,80.69,82.06,148.445,173.7467,56.68,55.2
2022-01-10,27.96,27.44,61.16,65.8,99.9624,82.0385,79.89,82.06,148.635,173.81,56.54,55.26
2022-01-11,27.89,27.29,61.97,67.01,103.5178,84.7852,80.24,82.06,151.635,177.08,58.35,57.73
2022-01-12,27.43,26.9,61.89,67.01,103.7195,85.0228,79.57,82.06,152.93,178.38,57.07,56.49
2022-01-13,27.08,26.61,61.87,67.14,104.2961,85.8306,80.28,82.06,150.27,174.2167,56.6,55.77
2022-01-14,27.18,26.66,62.72,67.9,103.9309,85.2414,81.69,82.0,153.455,178.3867,55.35,54.65
2022-01-18,26.46,25.97,61.36,66.53,97.3392,79.9001,80.6,82.0,146.59,170.4133,54.07,53.09
2022-01-19,26.25,25.76,61.65,66.77,93.0728,76.5452,79.35,82.0,142.54,165.4,54.22,53.05
2022-01-20,26.11,25.53,61.21,66.29,91.8716,75.6518,78.4,78.75,138.175,160.2133,53.86,53.21
2022-01-21,26.17,25.57,60.55,65.78,91.5834,75.8894,77.02,79.81,135.875,157.5467,51.1,50.24
2022-01-24,27.4,26.43,60.96,66.17,96.0996,79.1398,78.35,79.81,137.615,159.3467,53.29,52.27
2022-01-25,26.86,25.87,61.37,66.34,94.1202,77.6002,77.77,78.37,132.165,153.4,49.59,48.86
2022-01-26,26.62,25.71,61.39,66.5,89.5078,74.1787,76.05,78.37,134.07,155.7567,47.71,47.09
2022-01-27,26.53,25.67,61.44,66.09,88.1434,73.3614,72.99,79.08,128.345,148.8233,46.78,45.99
2022-01-28,27.19,26.32,62.7,67.25,89.7673,74.4733,74.38,74.25,130.845,151.6767,47.42,46.75
2022-01-31,28.05,27.0,62.64,67.43,92.3521,76.7258,76.24,77.05,137.7,159.8233,50.48,49.86
2022-02-01,27.02,26.18,62.85,67.49,91.9485,76.051,78.33,77.05,138.29,161.1533,51.4,50.79
2022-02-02,26.81,25.94,63.35,68.38,93.707,77.5812,77.12,77.05,141.82,165.2233,49.09,48.39
2022-02-03,26.27,25.43,62.84,68.04,91.1221,75.4998,75.57,77.05,135.53,158.0333,47.53,46.57
2022-02-04,26.21,25.44,62.33,67.15,86.7693,72.2494,75.62,77.05,136.265,158.94,48.94,47.74
2022-02-07,26.25,25.63,62.29,67.18,88.4316,73.8651,75.71,77.05,136.48,158.85,48.42,47.33
2022-02-08,26.49,25.78,62.65,67.46,90.1132,75.2812,77.55,77.05,139.275,162.8667,48.85,47.45
2022-02-09,26.41,25.7,63.16,67.96,92.5731,77.2105,76.92,77.05,144.125,168.21,49.66,48.47
2022-02-10,26.53,25.68,62.39,67.28,88.3836,72.9337,75.89,77.05,139.81,162.9667,48.79,47.86
2022-02-11,26.46,25.62,62.7,67.19,87.9608,72.9052,75.96,77.05,132.625,154.6733,55.4,53.92
2022-02-14,26.31,25.51,61.8,66.37,87.0479,72.2304,76.36,77.05,132.535,154.82,58.07,57.35
2022-02-15,26.59,25.79,61.85,66.45,88.2875,73.1903,77.5,77.05,139.745,163.3633,65.16,64.88
2022-02-16,26.81,26.01,61.83,66.6,88.422,73.4564,79.19,77.05,139.715,163.4167,64.02,63.31
2022-02-17,26.58,25.77,61.37,65.98,85.8372,71.5366,78.46,77.05,134.115,157.28,62.68,62.23
2022-02-18,26.62,25.73,61.87,66.52,85.9333,72.2304,78.28,77.05,132.625,155.5233,60.81,60.8
2022-02-22,26.4,25.58,61.21,65.9,82.7239,69.0751,77.29,77.05,131.715,154.5767,58.46,57.82
2022-02-23,26.05,25.1,60.53,65.18,79.1109,66.604,76.66,77.05,128.955,150.8933,54.55,54.32
2022-02-24,26.18,25.25,60.18,64.58,84.3094,70.2821,79.02,77.05,133.38,156.4133,57.71,57.52
2022-02-25,26.0,25.13,61.77,66.46,87.2785,72.354,81.13,77.05,135.24,159.02,57.79,57.95
2022-02-28,25.63,24.7,61.04,65.23,86.3657,71.7552,83.11,77.05,134.075,158.0533,57.52,57.27
2022-03-01,25.63,24.68,60.22,64.44,86.8077,71.5271,82.43,77.05,129.845,152.3233,57.61,57.44
2022-03-02,25.85,24.99,60.34,64.82,88.4508,73.0572,84.18,77.05,134.095,157.1667,56.09,55.72
2022-03-03,25.87,24.9,64.16,69.41,86.3753,71.28,83.82,77.05,131.205,153.87,53.8,53.4
2022-03-04,25.54,24.57,64.89,69.99,85.6546,70.9188,83.21,77.05,127.675,149.7867,51.71,51.02
2022-03-07,25.37,24.29,62.61,67.76,80.0045,66.1954,83.61,84.0,121.32,142.2733,49.57,48.37
2022-03-08,25.58,24.57,59.11,64.05,80.4754,66.4235,83.13,84.0,123.15,145.0,47.65,46.87
2022-03-09,26.61,25.49,59.56,64.24,84.0788,69.4552,84.65,84.0,128.5,151.0767,51.04,49.93
2022-03-10,26.51,25.5,59.06,63.56,84.6457,69.4552,84.19,85.0,125.72,147.9767,49.86,48.76
2022-03-11,27.01,25.85,58.09,62.55,83.1851,68.5524,84.03,85.0,122.895,144.8,48.1,47.05
2022-03-14,26.48,25.28,58.29,62.36,80.0814,65.9768,83.82,85.0,119.345,140.1133,46.13,45.01
2022-03-15,26.73,25.44,59.57,63.56,82.8968,68.5333,82.39,85.0,124.345,146.5533,47.08,46.03
2022-03-16,27.34,26.04,60.35,64.13,85.0493,70.6052,82.98,85.0,130.93,154.1,50.69,49.68
2022-03-17,27.74,26.46,61.17,64.51,85.7988,70.9854,85.11,85.0,131.75,155.05,52.99,52.02
2022-03-18,27.63,26.35,61.65,64.76,88.9217,72.9147,85.51,85.0,134.595,158.0767,54.99,54.21
2022-03-21,27.66,26.3,61.86,64.94,84.7706,69.9494,87.72,88.5,134.28,157.7633,53.33,52.25
2022-03-22,27.87,26.59,62.48,66.12,84.8763,70.1965,87.74,88.5,135.205,158.6367,55.64,54.52
2022-03-23,27.81,26.65,60.96,65.11,81.5516,67.5544,87.83,88.5,131.825,154.64,54.51,53.38
2022-03-24,28.38,27.19,62.11,66.43,80.6003,66.8796,88.35,88.5,138.24,162.14,55.16,54.05
2022-03-25,29.0,27.74,62.52,66.65,79.5433,66.3284,90.01,90.13,137.665,161.7733,52.04,50.85
2022-03-28,28.79,27.51,62.76,66.84,79.2839,66.0718,88.38,90.13,138.665,163.03,52.8,51.5
2022-03-29,29.1,28.07,63.35,67.53,82.3876,68.6284,89.47,90.13,141.8,166.7667,55.44,54.11
2022-03-30,28.75,27.85,63.06,67.31,80.8597,67.1458,88.53,89.42,137.685,161.4333,52.52,51.18
2022-03-31,28.78,27.91,62.74,67.02,77.9963,64.9598,87.8,89.42,134.895,157.76,49.29,48.23
2022-04-01,28.85,27.89,63.59,67.85,79.1109,66.1193,89.45,89.42,132.71,154.7033,48.93,47.89
2022-04-04,29.17,28.1,63.6,67.39,79.0917,66.3664,88.46,89.42,134.9,157.2167,53.32,52.03
2022-04-05,29.34,28.13,63.51,67.65,75.7862,63.6483,86.87,89.42,129.08,149.98,52.07,50.49
2022-04-06,28.64,27.56,64.61,68.36,72.4999,61.5574,86.98,89.42,126.41,146.25,49.2,47.72
2022-04-07,28.17,27.02,64.39,68.34,71.7504,60.683,88.28,89.42,126.43,146.57,48.5,46.96
2022-04-08,27.44,26.42,64.06,68.31,71.9906,61.6524,86.51,89.42,123.425,142.9333,47.68,46.15
2022-04-11,27.29,26.29,64.09,68.44,73.3359,62.3652,86.1,88.32,120.65,139.9967,48.97,47.33
2022-04-12,26.8,25.94,63.9,68.24,73.5185,62.1657,86.91,88.32,120.0,139.57,47.35,45.75
2022-04-13,27.43,26.39,64.4,68.92,74.9214,63.3917,86.9,88.32,122.85,142.5733,48.75,46.98
2022-04-14,27.74,26.54,64.26,68.5,73.7683,62.1562,87.27,88.32,119.11,138.63,48.41,46.65
2022-04-18,27.47,26.39,63.24,67.46,73.0476,61.5669,86.9,87.31,121.15,141.03,46.22,44.56
2022-04-19,27.61,26.53,63.8,68.03,76.4396,64.3991,87.02,87.31,123.73,144.12,48.34,46.61
2022-04-20,28.03,26.81,65.11,69.33,76.6894,64.6462,88.62,87.31,123.505,143.8,45.26,43.61
2022-04-21,27.68,26.45,64.87,68.82,75.9303,63.7908,87.78,87.31,120.12,139.9633,43.42,41.79
2022-04-22,27.44,26.14,63.08,66.99,73.9701,62.3557,87.23,87.31,117.365,136.85,42.86,41.15
2022-04-25,27.3,26.08,62.7,66.93,76.4876,64.3421,85.88,87.1,119.395,139.1633,43.94,42.21
2022-04-26,26.7,25.42,62.19,66.51,74.2007,62.5268,84.14,87.1,114.305,132.9933,40.0,38.52
2022-04-27,26.37,25.16,62.86,67.29,72.8266,61.3958,83.35,87.1,113.755,132.2667,39.27,37.7
2022-04-28,26.57,25.33,63.74,68.7,75.5171,63.9334,84.73,87.1,120.25,139.5567,41.06,39.61
2022-04-29,26.27,25.11,62.42,67.44,73.4992,61.9661,79.87,82.7,114.925,133.5933,39.82,38.65
2022-05-02,26.01,24.84,60.79,65.32,74.8349,63.078,78.93,82.7,118.27,138.0533,40.96,39.8
2022-05-03,26.17,24.96,62.17,66.16,76.0937,63.9239,77.56,82.7,119.24,139.1967,43.85,42.48
2022-05-04,26.47,25.37,63.72,67.25,80.1679,67.0507,80.23,78.69,123.33,144.5967,44.14,43.11
2022-05-05,26.28,25.08,61.33,65.19,75.7189,63.1066,77.55,80.12,117.54,137.5933,39.78,39.05
2022-05-06,26.0,24.7,60.67,64.62,75.4691,62.7264,77.88,76.84,116.335,136.3667,38.05,37.37
2022-05-09,25.21,24.07,61.0,64.84,74.2584,61.9661,75.26,76.84,110.445,129.4233,37.18,36.52
2022-05-10,25.83,24.55,61.36,65.14,72.7978,60.9301,75.43,76.84,113.3,132.3667,36.45,36.09
2022-05-11,25.41,24.31,61.03,64.89,68.5122,57.2996,74.79,75.84,109.825,128.4567,35.46,34.86
2022-05-12,25.68,24.42,61.71,65.2,71.4621,59.7516,74.82,73.75,110.345,129.2367,37.95,37.29
2022-05-13,26.11,24.91,63.27,66.8,73.7587,61.3008,75.5,73.75,116.13,135.8333,40.56,40.14
2022-05-16,25.93,24.78,63.58,66.99,72.4423,60.4644,75.3,75.91,114.255,133.7667,39.48,38.69
2022-05-17,26.54,25.39,63.52,67.29,74.489,62.2132,77.26,75.91,119.72,140.2633,42.1,41.18
2022-05-18,26.13,25.07,59.17,62.47,69.5692,58.6967,76.68,75.91,114.0,133.1933,41.39,40.4
2022-05-19,26.13,25.08,58.73,61.92,69.8286,59.0103,75.12,75.91,114.03,132.3867,43.25,42.31
2022-05-20,26.2,25.16,59.7,62.91,71.5294,59.9227,74.39,76.5,114.085,132.3167,40.96,40.23
2022-05-23,25.98,24.98,60.35,63.35,71.2507,59.7136,75.77,76.5,115.0,132.8867,41.36,40.92
2022-05-24,25.52,24.55,61.16,64.04,69.1752,57.9174,77.33,76.38,111.965,129.65,36.94,36.4
2022-05-25,25.76,24.77,61.17,64.34,72.769,60.493,76.74,79.87,114.295,131.9833,37.77,37.43
2022-05-26,25.57,24.63,62.09,65.2,75.8246,62.6504,78.0,79.87,118.115,137.14,38.47,38.35
2022-05-27,25.85,24.97,63.5,66.56,77.9963,64.5607,81.15,82.39,122.8,142.78,41.29,41.04
2022-05-31,25.38,24.55,63.13,66.12,77.1122,63.8384,81.39,82.39,122.29,142.0467,39.9,39.96
2022-06-01,25.47,24.73,62.29,65.51,76.5165,63.3822,81.26,82.39,120.28,139.7933,39.39,39.26
2022-06-02,26.0,25.22,62.98,66.17,77.0161,63.9714,83.69,82.39,124.53,144.6633,41.55,41.47
2022-06-03,26.45,25.67,62.6,66.17,77.0546,63.8669,83.45,82.39,120.86,140.3367,39.35,39.27
2022-06-06,26.57,25.79,62.65,66.4,77.8906,64.5132,85.46,82.39,120.96,140.58,40.4,40.34
2022-06-07,26.69,25.79,62.58,65.98,78.0347,64.6082,85.3,85.97,121.925,141.7033,40.86,40.84
2022-06-08,26.56,25.78,64.71,68.58,76.0456,62.9165,84.95,85.97,119.385,138.6867,41.01,40.98
2022-06-09,26.31,25.52,64.58,68.28,75.6036,62.4413,82.5,85.97,116.21,134.5467,37.15,37.3
2022-06-10,26.28,25.43,64.59,68.45,71.539,59.324,81.07,85.97,111.91,129.7667,35.44,35.61
2022-06-13,25.36,24.37,62.54,66.11,67.2726,55.4368,79.72,85.97,105.69,122.28,32.26,32.22
2022-06-14,25.14,23.99,61.77,65.16,66.4366,55.0472,78.82,80.0,106.465,122.96,30.19,30.22
2022-06-15,25.71,24.81,63.7,67.09,66.2733,55.3038,77.88,80.0,108.415,125.0733,31.53,31.51
2022-06-16,25.12,24.13,63.32,66.04,61.9684,51.3881,74.78,80.0,101.99,117.5367,28.78,28.89
2022-06-17,25.3,24.14,63.42,66.57,62.103,51.122,74.89,80.0,102.825,118.0133,29.27,29.69
2022-06-21,24.9,23.88,65.64,68.69,63.0831,52.4526,76.65,80.0,105.74,121.1033,30.04,30.23
2022-06-22,24.96,23.92,65.29,68.65,65.0145,53.9637,77.43,80.0,104.25,119.84,31.38,31.67
2022-06-23,25.02,23.91,65.32,69.5,67.9452,56.1401,76.35,80.0,103.71,119.0267,34.14,34.51
2022-06-24,25.26,23.99,70.47,71.51,69.1175,56.9765,78.73,80.0,108.08,124.3,35.46,35.69
2022-06-27,24.87,23.81,69.37,72.0,69.1752,56.9385,78.34,80.0,107.72,123.96,34.01,34.36
2022-06-28,24.93,23.74,68.7,71.16,67.0132,55.3038,77.69,80.3,105.005,120.9367,33.13,33.38
2022-06-29,24.81,23.72,68.51,70.92,66.9171,55.1992,77.54,79.8,103.155,118.0833,32.76,33.0
2022-06-30,25.15,24.0,67.64,70.16,67.8107,55.798,79.39,79.8,101.865,116.5367,31.75,31.81
2022-07-01,25.81,24.59,69.0,71.57,71.6831,59.0198,80.24,79.8,97.995,112.4133,33.67,33.8
2022-07-05,25.87,24.68,68.22,70.8,74.3641,60.7971,78.71,79.0,98.51,113.3,35.07,35.2
2022-07-06,26.09,24.98,68.28,70.4,73.6338,60.0938,78.26,79.0,99.18,113.8533,34.76,34.85
2022-07-07,26.19,25.15,68.39,70.43,74.6619,60.9206,79.85,79.0,103.76,118.95,35.62,35.64
2022-07-08,26.27,25.13,68.12,70.16,75.325,61.0822,79.28,79.0,104.32,119.5167,35.14,35.12
2022-07-11,25.93,24.75,68.44,70.23,75.6228,60.9206,78.5,79.0,101.82,116.7633,33.47,33.56
2022-07-12,26.1,24.88,68.42,70.07,75.2289,60.0083,78.14,79.0,101.78,117.09,34.29,34.4
2022-07-13,26.35,25.05,69.09,70.93,75.7189,60.5405,78.43,79.0,102.585,117.75,33.35,33.39
2022-07-14,26.26,25.04,69.91,71.56,74.5082,59.8087,77.99,79.0,104.75,120.2467,33.67,33.67
2022-07-15,27.27,26.04,69.37,71.3,75.0367,59.9417,79.09,79.0,107.395,123.1167,34.51,34.57
2022-07-18,27.64,26.36,68.98,70.22,74.2391,58.8393,78.63,79.0,106.6,122.7233,34.2,34.16
2022-07-19,28.3,27.02,69.94,71.4,76.2474,60.4454,81.44,79.0,111.47,128.1333,36.54,36.49
2022-07-20,28.69,27.38,69.45,70.9,76.0745,60.2554,80.99,79.0,114.095,131.4,36.89,36.91
2022-07-21,28.89,27.67,69.93,71.19,78.8707,62.5268,80.41,79.0,116.01,133.5467,37.31,37.67
2022-07-22,28.62,27.37,69.84,71.22,79.8316,63.3727,80.0,79.0,113.385,130.2567,36.21,36.45
2022-07-25,28.78,27.44,69.73,71.3,78.419,62.0611,80.87,79.0,112.685,129.4333,35.71,35.79
2022-07-26,28.56,27.26,70.27,71.87,77.8713,61.8045,81.65,79.0,110.985,127.2767,33.72,33.86
2022-07-27,28.81,27.66,70.76,72.42,80.312,63.4962,83.83,79.0,116.18,133.1,35.78,36.03
2022-07-28,28.7,27.53,72.1,73.61,81.8687,64.7317,85.34,79.0,117.6,134.74,34.69,34.9
2022-07-29,28.86,27.67,72.4,74.22,81.6765,64.5132,85.64,79.0,118.58,135.7767,34.88,35.0
2022-08-01,29.2,27.95,72.09,74.76,81.8975,64.6937,85.05,79.0,118.82,136.3,35.28,35.62
2022-08-02,28.86,27.65,71.87,74.36,78.7938,61.833,84.54,79.0,118.575,136.04,36.35,36.79
2022-08-03,29.07,27.94,73.47,75.9,79.3319,62.3557,85.06,79.0,121.41,139.82,37.44,38.05
2022-08-04,29.09,27.83,73.85,76.1,82.0609,64.2565,85.19,79.0,122.645,140.83,37.66,38.13
2022-08-05,28.67,27.53,73.55,75.54,81.4171,63.3917,84.18,79.0,121.81,139.7333,37.06,37.37
2022-08-08,28.73,27.68,72.21,74.26,83.2812,64.7127,84.1,79.0,119.705,137.62,38.78,38.98
2022-08-09,27.91,26.88,73.03,75.43,80.975,62.9545,84.46,84.45,114.695,131.3133,36.25,36.33
2022-08-10,28.17,27.13,73.77,75.93,83.8674,65.245,85.62,85.94,119.34,136.7633,39.27,39.35
2022-08-11,28.14,27.14,73.4,75.4,84.3286,65.5206,85.26,85.94,119.315,136.5867,38.49,38.66
2022-08-12,28.7,27.73,74.26,76.14,84.8186,66.1288,87.82,85.94,122.685,140.5833,39.63,39.67
2022-08-15,28.44,27.48,75.09,76.95,84.6361,66.3949,88.56,85.94,123.24,141.1067,39.06,39.05
2022-08-16,28.53,27.6,75.73,77.45,84.6265,66.5945,88.38,89.06,121.85,139.6633,38.25,38.36
2022-08-17,28.63,27.84,76.08,77.66,82.8392,65.1119,87.45,89.06,119.235,136.29,35.86,36.04
2022-08-18,28.81,28.08,75.96,77.66,82.3011,65.34,87.06,89.06,120.9,139.3967,35.72,35.95
2022-08-19,28.86,28.03,75.5,77.24,80.5619,63.7908,86.1,89.06,117.495,135.6333,33.62,33.8
2022-08-22,29.09,28.01,75.55,77.23,79.034,62.4318,83.24,89.06,113.4,130.53,32.64,32.73
2022-08-23,28.73,27.78,74.34,76.56,78.8995,62.2607,82.95,89.06,114.135,131.18,33.43,33.59
2022-08-24,29.16,28.1,75.15,77.33,80.5234,63.3727,83.87,89.06,114.06,131.51,34.39,34.56
2022-08-25,29.11,28.11,75.19,77.56,81.5804,64.19,85.94,89.06,117.89,136.33,35.75,35.85
2022-08-26,28.37,27.41,73.04,75.75,77.1891,60.7781,78.22,79.16,111.335,128.5967,34.06,34.11
2022-08-29,28.23,27.38,72.93,75.34,76.7759,60.1033,78.59,79.16,109.27,126.0,33.42,33.52
2022-08-30,28.13,27.3,71.56,73.52,75.8342,59.3905,76.92,79.16,108.02,124.5333,33.68,33.76
2022-08-31,28.1,27.34,70.57,72.7,74.4217,58.6207,74.98,79.16,107.285,123.23,33.46,33.4
2022-09-01,28.22,27.4,70.6,72.51,74.4601,58.1835,74.21,79.16,104.94,120.9433,34.37,34.33
2022-09-02,28.14,27.5,70.05,71.64,74.8253,58.5161,74.84,79.16,103.91,119.6167,34.05,34.02
2022-09-06,28.36,27.44,69.8,71.03,73.5473,57.5277,75.1,79.16,102.75,118.2367,33.5,33.51
2022-09-07,28.34,27.45,71.6,72.75,74.8541,58.8203,76.16,79.16,104.39,120.2367,35.22,35.34
2022-09-08,28.68,27.77,72.33,72.77,75.3442,59.1149,76.33,79.16,105.805,122.2633,37.37,37.58
2022-09-09,29.79,28.71,73.17,73.48,76.699,60.1223,78.0,79.16,108.43,125.1967,37.88,38.2
2022-09-12,29.94,28.96,73.69,73.49,77.4581,60.7401,78.93,78.97,108.7,125.8067,37.13,37.55
2022-09-13,29.44,28.44,72.53,71.24,71.3276,56.1591,75.19,78.97,102.23,117.9933,35.48,35.87
2022-09-14,29.71,28.63,73.56,72.04,70.5685,55.4178,75.83,77.0,103.34,119.3333,35.66,35.97
2022-09-15,29.47,28.55,72.3,70.33,70.9336,55.5129,74.82,76.95,101.5,117.3533,35.93,36.21
2022-09-16,29.56,28.47,71.33,70.56,72.8266,57.0905,74.45,76.95,101.955,118.0567,34.16,34.1
2022-09-19,29.58,28.71,73.15,71.23,75.4018,58.2215,75.73,76.95,102.625,118.6767,32.93,33.02
2022-09-20,29.36,28.5,73.07,71.01,73.874,57.1285,74.95,76.95,101.205,117.1,32.34,32.39
2022-09-21,28.76,27.96,72.1,70.8,72.9515,56.4252,74.41,76.8,100.36,115.9167,31.27,31.4
2022-09-22,27.91,27.11,71.06,69.83,74.4025,57.9459,73.85,76.8,97.58,112.7633,30.4,30.54
2022-09-23,27.61,26.82,69.32,68.56,74.0566,57.4802,72.53,76.8,96.185,111.2533,29.51,29.54
2022-09-26,27.65,26.81,69.66,68.85,70.8183,55.4083,71.6,75.16,95.065,108.9933,29.28,29.27
2022-09-27,28.01,27.26,68.21,67.5,70.5973,55.2182,70.8,75.16,95.785,110.0067,29.05,29.07
2022-09-28,28.77,27.99,69.11,68.1,74.4505,58.25,72.54,75.16,97.005,111.5667,29.76,29.83
2022-09-29,28.46,27.73,68.27,67.4,72.0387,57.024,71.25,71.4,93.95,108.0967,29.21,29.26
2022-09-30,28.15,27.5,67.56,66.57,71.6351,56.5583,70.35,71.4,92.56,106.2433,28.61,28.63
2022-10-03,28.51,27.81,69.28,68.28,75.1039,59.0198,72.61,71.4,95.88,109.9167,29.48,29.51
2022-10-04,28.95,28.25,69.27,68.51,77.7464,61.2723,75.0,75.51,99.98,115.0733,31.53,31.55
2022-10-05,28.7,28.2,67.99,67.39,76.7279,60.569,74.61,75.51,100.97,116.0133,29.97,30.13
2022-10-06,28.94,28.25,67.57,66.2,77.0257,60.7971,75.25,75.31,100.28,115.55,30.5,30.61
2022-10-07,28.8,28.23,66.18,65.13,75.0559,59.1909,75.37,75.68,94.3,108.6167,29.23,29.27
2022-10-10,28.63,27.97,65.93,65.0,75.1232,59.514,76.07,76.95,91.15,104.9233,29.36,29.38
2022-10-11,28.88,28.39,65.64,64.65,75.1039,59.6091,76.0,76.95,88.275,101.9733,28.04,28.14
2022-10-12,28.86,28.26,65.5,64.46,73.5185,58.4211,74.06,76.95,87.745,100.9833,28.76,28.81
2022-10-13,29.58,29.15,66.65,65.43,73.1437,57.9554,76.04,76.95,90.43,103.89,28.05,28.1
2022-10-14,30.14,29.54,65.13,63.89,70.5877,56.1496,74.7,76.95,86.575,99.56,26.97,27.02
2022-10-17,29.87,29.37,66.69,65.41,71.5774,56.8434,77.04,76.95,88.625,101.67,28.83,29.01
2022-10-18,29.58,29.07,66.95,65.74,73.8644,58.6017,79.49,76.95,88.645,102.02,28.78,28.91
2022-10-19,29.77,29.28,65.55,64.26,69.4635,55.6934,79.8,76.95,89.36,102.6733,28.72,28.81
2022-10-20,30.09,29.6,64.3,63.37,68.589,55.0472,79.35,79.59,90.07,103.31,28.53,28.64
2022-10-21,30.77,30.35,64.64,63.9,70.5589,55.9881,81.1,79.59,93.175,107.15,29.29,29.37
2022-10-24,30.9,30.49,65.35,64.47,71.5294,56.8339,81.84,82.94,93.47,107.6133,29.12,29.19
2022-10-25,31.28,30.92,67.42,66.82,75.5267,60.3029,82.39,82.94,94.95,110.07,31.21,31.29
2022-10-26,31.82,31.26,67.42,66.63,75.7093,60.3219,81.74,82.94,94.02,108.9867,30.67,30.74
2022-10-27,31.79,31.26,67.24,66.59,76.3531,60.8161,82.81,82.94,92.845,107.0533,30.63,30.7
2022-10-28,32.34,31.94,69.03,68.17,78.8322,63.1066,84.4,86.18,96.39,111.25,30.86,30.94
2022-10-31,31.89,31.16,68.77,68.0,77.5446,61.9851,84.75,86.18,94.61,108.8267,30.86,30.93
2022-11-01,32.04,31.56,68.17,67.44,78.4287,63.2681,84.78,86.18,95.265,109.7033,30.98,30.96
2022-11-02,31.33,30.64,67.16,66.44,76.872,61.7095,82.35,86.18,92.535,106.24,29.5,29.43
2022-11-03,31.13,30.64,66.69,66.16,75.9111,60.9492,82.4,83.53,91.45,104.8167,32.61,32.42
2022-11-04,30.79,30.28,67.83,67.15,76.4972,61.757,81.81,83.53,95.7,109.6667,32.52,32.19
2022-11-07,31.36,31.0,67.72,67.09,76.1513,61.3483,87.0,85.05,97.59,112.0367,33.7,33.44
2022-11-08,31.25,30.81,67.67,66.99,74.7292,60.2459,85.94,85.17,99.695,114.5033,33.1,32.77
2022-11-09,31.08,30.66,67.83,66.44,75.4595,60.55,85.44,85.17,96.985,110.8433,32.14,31.85
2022-11-10,32.07,31.68,70.51,69.84,84.9436,68.5809,89.15,85.17,106.895,122.3133,35.81,35.45
2022-11-11,30.57,30.06,70.32,69.64,84.588,68.5048,86.94,85.17,110.4,126.0567,37.92,37.48
2022-11-14,31.05,30.57,69.72,68.88,82.3876,66.7846,86.52,85.17,109.355,124.6767,36.88,36.49
2022-11-15,31.35,30.87,69.92,69.25,84.319,68.2102,87.45,85.17,112.8,128.29,37.75,37.26
2022-11-16,31.45,30.89,70.05,69.56,83.0698,67.5829,87.48,87.53,108.74,122.9933,36.96,36.5
2022-11-17,33.48,33.09,69.41,68.89,81.763,66.3664,86.93,86.95,109.56,123.9567,37.31,36.87
2022-11-18,33.76,33.22,70.58,69.79,81.3978,66.2429,87.88,87.78,109.76,124.2333,35.26,34.81
2022-11-21,33.47,32.99,71.15,70.47,80.1775,65.1974,88.69,88.66,107.84,122.1733,34.16,33.7
2022-11-22,33.34,32.91,72.44,72.24,81.7918,66.4425,88.6,88.68,110.975,125.8133,34.45,34.08
2022-11-23,33.35,33.0,72.62,72.57,83.0794,67.64,88.57,88.74,111.94,127.3333,35.48,35.04
2022-11-25,33.49,33.11,72.59,72.73,83.0025,67.7255,88.74,88.86,110.625,125.6367,35.29,34.82
2022-11-28,32.93,32.35,71.82,71.93,82.0128,66.8036,86.66,86.62,108.015,122.4967,35.29,34.79
2022-11-29,32.6,32.23,71.09,71.12,83.0218,67.621,84.94,86.62,107.72,122.0233,35.31,34.81
2022-11-30,33.12,32.58,72.99,73.02,84.3958,69.0085,87.03,86.62,113.865,129.3433,37.98,37.4
2022-12-01,32.87,32.52,73.95,74.05,84.7129,69.7974,86.72,86.62,113.5,128.4133,38.32,37.92
2022-12-02,33.6,33.25,74.26,74.51,84.8475,69.1796,88.23,88.14,111.94,126.9633,38.68,38.19
2022-12-05,33.04,32.7,73.66,74.02,83.9346,68.4953,86.87,88.14,110.605,125.3567,37.54,37.06
2022-12-06,33.61,33.2,73.27,73.65,82.5413,67.4974,87.22,88.14,108.18,122.72,36.92,36.36
2022-12-07,33.04,32.49,68.0,68.27,85.5201,70.111,86.75,88.14,108.155,122.4567,35.62,35.05
2022-12-08,33.25,32.76,67.88,68.13,85.9333,69.9589,87.0,85.93,110.91,125.9967,34.94,33.96
2022-12-09,32.88,32.51,67.62,67.92,85.0397,68.9895,85.16,85.93,110.02,124.83,35.1,34.05
2022-12-12,32.71,32.3,68.58,68.84,85.5201,69.7213,85.16,85.72,111.98,127.04,35.44,34.45
2022-12-13,32.91,32.52,69.05,69.19,87.0479,70.3296,85.0,87.34,113.845,128.8633,37.97,37.07
2022-12-14,33.05,32.58,68.84,68.94,87.2689,70.6052,84.34,87.34,111.885,126.93,37.95,37.14
2022-12-15,33.16,32.5,66.9,66.86,90.6033,73.8841,83.23,87.34,107.625,121.56,36.2,35.38
2022-12-16,32.9,32.24,65.94,65.86,88.595,72.449,82.66,84.62,106.79,120.64,36.05,35.02
2022-12-19,31.89,31.29,65.55,65.46,86.5771,70.6147,86.48,87.29,104.34,119.1467,34.38,33.48
2022-12-20,31.99,31.59,65.28,65.1,85.5201,69.7974,87.61,88.13,103.83,118.42,33.62,32.67
2022-12-21,32.49,32.07,66.61,66.82,87.0287,71.0804,89.24,89.92,106.15,121.0867,33.95,33.05
2022-12-22,32.65,32.22,66.52,66.52,87.4803,71.6412,86.03,89.92,101.75,116.1933,33.46,32.44
2022-12-23,32.79,32.38,66.3,66.35,87.0768,71.375,86.86,89.92,101.74,116.2933,33.13,32.12
2022-12-27,32.74,32.25,66.42,66.58,87.1536,71.3085,87.5,89.92,99.92,114.1933,32.5,31.54
2022-12-28,32.43,32.0,65.35,65.57,85.0397,69.2461,85.83,85.79,98.65,112.51,31.29,30.39
2022-12-29,32.78,32.35,66.04,66.15,87.1248,71.1564,87.17,87.28,101.87,116.1,31.97,31.1
2022-12-30,32.67,32.23,65.76,65.68,86.9615,71.0709,87.76,86.92,101.47,115.9933,32.21,31.21
2023-01-03,32.84,32.29,65.11,64.99,88.3836,72.354,89.4,86.92,100.69,114.8633,33.68,32.82
2023-01-04,32.86,32.3,65.56,65.53,89.9498,73.8841,88.87,86.92,103.25,117.82,35.61,34.74
2023-01-05,33.37,32.99,63.54,63.74,90.1132,73.8651,88.18,86.92,101.4,115.8333,35.1,34.25
2023-01-06,34.57,34.0,64.28,64.41,91.9197,75.2717,89.72,86.92,105.835,121.2233,35.88,34.96
2023-01-09,34.11,33.61,64.47,64.69,91.5642,74.5969,88.01,86.92,108.14,123.4567,38.75,37.78
2023-01-10,34.52,34.0,64.92,65.26,92.7941,75.3857,88.91,86.92,109.545,125.0533,40.86,39.73
2023-01-11,35.51,35.0,65.89,66.13,94.7255,77.7332,89.88,86.92,110.83,126.6667,42.35,41.07
2023-01-12,35.39,34.97,65.55,65.67,95.2732,77.9993,92.11,86.92,112.49,128.2067,43.23,42.07
2023-01-13,35.73,34.99,67.25,67.07,94.9561,77.7047,91.76,86.92,112.895,128.7367,43.45,42.23
2023-01-17,35.34,34.7,68.04,68.0,94.9177,77.7332,91.5,86.92,113.565,128.8833,42.83,41.67
2023-01-18,35.07,34.61,66.63,66.69,93.7454,76.8779,90.11,86.92,112.855,128.2067,42.46,41.37
2023-01-19,35.14,34.63,65.66,65.9,91.9581,75.3952,89.0,88.88,110.095,124.61,41.81,40.83
2023-01-20,35.08,34.45,66.08,66.25,92.9094,76.6022,90.2,88.88,113.675,128.51,43.16,42.02
2023-01-23,35.22,34.65,66.49,66.51,93.7166,77.2675,90.6,90.3,119.035,134.9633,44.42,43.19
2023-01-24,35.34,34.78,66.93,67.16,95.2156,78.5506,92.0,90.3,118.19,133.9433,44.62,43.33
2023-01-25,35.45,34.92,68.01,68.35,95.1675,78.5411,92.52,90.3,118.31,134.3067,42.25,41.14
2023-01-26,35.67,35.2,66.69,67.16,96.1092,79.4915,93.68,92.72,120.43,136.57,43.73,42.47
2023-01-27,35.04,34.56,66.41,66.84,96.6761,80.3658,93.14,93.37,119.64,135.7,44.56,43.25
2023-01-30,34.82,34.42,65.67,66.0,95.3405,79.653,93.15,93.02,116.775,132.0967,43.37,42.18
2023-01-31,35.13,34.68,66.5,66.58,98.3962,82.0765,95.32,94.64,118.55,134.56,44.21,42.96
2023-02-01,35.25,34.83,67.09,67.18,100.5966,83.255,95.33,94.64,124.14,141.5767,44.98,43.8
2023-02-02,35.48,35.03,66.78,66.84,103.8541,84.9182,94.73,94.64,126.795,144.8567,47.15,46.14
2023-02-03,35.38,34.94,67.05,66.84,100.7119,82.7798,93.45,93.65,124.465,142.03,46.15,45.03
2023-02-06,34.81,34.39,66.66,66.65,98.7133,81.4968,97.9,97.5,122.395,139.7233,44.82,44.01
2023-02-07,34.96,34.48,65.78,65.79,99.4724,82.1241,99.18,97.5,126.07,144.1667,46.36,45.47
2023-02-08,34.5,34.09,64.85,65.03,96.8875,80.2708,99.22,97.5,123.6,141.0667,44.44,43.8
2023-02-09,34.21,33.79,64.45,64.55,96.926,80.2423,99.6,99.2,124.09,141.4267,43.36,42.63
2023-02-10,34.06,33.61,64.87,65.01,97.9157,81.4778,99.83,99.73,122.005,139.1767,43.0,42.22
2023-02-13,34.11,33.67,65.77,65.89,100.4621,83.4261,100.09,99.73,123.84,141.2233,44.83,44.15
2023-02-14,33.75,33.38,65.41,65.31,100.0009,83.1505,101.26,100.22,126.505,143.7867,45.54,44.89
2023-02-15,33.94,33.54,65.46,65.58,99.4532,82.9034,101.51,100.22,126.5,144.3733,47.49,46.66
2023-02-16,33.98,33.63,65.4,65.42,97.3392,81.4683,101.01,101.46,123.065,140.8333,47.9,47.05
2023-02-17,34.4,33.92,65.62,65.65,95.2156,79.7291,101.79,101.46,121.385,138.64,45.89,44.96
2023-02-21,34.34,33.82,64.92,64.9,92.0254,77.3055,101.04,100.47,117.695,134.15,43.55,42.71
2023-02-22,33.92,33.39,65.01,65.06,92.5923,77.8758,101.0,100.47,117.12,133.5067,42.49,41.74
2023-02-23,34.29,33.74,65.28,65.15,93.3514,78.2369,101.19,100.47,121.27,137.8967,42.23,41.57
2023-02-24,33.75,33.24,65.34,64.99,92.0927,77.0964,101.09,100.47,119.105,135.4267,41.11,40.5
2023-02-27,33.77,33.33,65.37,65.24,92.1503,77.1725,100.6,100.47,119.64,136.1433,41.99,41.41
2023-02-28,34.25,33.47,64.92,64.87,92.9575,77.6097,98.62,100.47,119.7,136.61,42.0,41.35
2023-03-01,34.17,33.86,64.27,64.25,91.9005,76.4217,101.2,100.47,119.78,136.6467,41.48,40.81
2023-03-02,34.41,33.97,65.72,65.83,92.3041,76.7068,101.97,100.47,120.84,137.74,42.15,41.54
2023-03-03,34.85,34.44,66.97,67.03,93.7934,78.313,102.32,100.47,122.48,139.8633,43.22,42.55
2023-03-06,34.82,34.39,67.31,67.28,93.3803,77.6857,100.25,100.47,121.39,138.2367,42.43,41.77
2023-03-07,34.0,33.52,66.42,66.26,93.0439,77.6857,102.0,100.47,120.035,136.78,41.75,41.01
2023-03-08,33.33,32.87,63.65,63.48,95.206,79.1968,101.7,100.47,123.175,140.4167,41.87,41.08
2023-03-09,33.09,32.75,62.3,62.29,94.7351,78.7406,99.82,100.47,120.815,137.6267,39.36,38.78
2023-03-10,32.76,32.36,61.79,61.52,93.5724,77.6952,96.89,100.47,118.86,134.9667,39.2,38.65
2023-03-13,32.04,31.5,62.47,62.28,95.0907,78.5696,95.22,100.47,118.78,135.0067,40.2,39.46
2023-03-14,32.14,31.73,62.35,62.29,96.8299,80.2993,97.13,100.47,122.335,138.9533,40.42,39.61
2023-03-15,32.82,32.26,61.87,61.81,96.2726,79.4439,95.22,100.47,120.96,137.3333,40.63,39.92
2023-03-16,33.36,32.53,62.51,62.39,100.1258,83.198,97.34,100.47,125.8,142.6967,41.53,40.85
2023-03-17,32.65,32.05,62.11,61.66,99.4532,82.8179,95.16,95.5,125.16,141.8133,40.6,39.81
2023-03-20,33.09,32.51,62.88,62.38,98.3097,81.7154,97.08,97.31,126.42,143.3133,40.64,39.83
2023-03-21,33.97,33.2,63.01,62.38,99.4243,82.6943,97.6,97.31,126.82,143.5967,42.63,41.94
2023-03-22,33.85,32.9,63.24,62.43,98.5787,82.3807,96.23,97.31,126.005,142.17,41.95,41.27
2023-03-23,33.07,32.27,62.53,61.79,99.3282,82.9889,95.93,97.31,129.355,145.6767,43.36,42.47
2023-03-24,33.42,32.48,63.74,62.95,99.6838,83.141,97.36,97.31,127.31,143.15,43.43,42.56
2023-03-27,33.88,32.98,63.72,63.06,98.1848,82.1811,98.01,97.31,125.825,141.47,42.77,41.9
2023-03-28,33.57,32.74,63.7,62.98,97.762,81.7534,99.37,97.31,124.95,140.41,42.46,41.63
2023-03-29,33.91,33.01,64.76,63.69,98.4634,83.1885,99.63,97.31,128.84,144.9233,43.25,42.59
2023-03-30,34.2,33.3,64.57,63.54,98.5403,82.9509,100.04,98.81,130.685,147.31,42.88,42.17
2023-03-31,34.58,33.69,65.19,64.27,101.0002,84.8802,100.75,98.81,131.595,148.2233,44.47,43.7
2023-04-03,34.59,33.71,64.89,64.08,101.1347,84.7662,101.28,98.81,130.845,146.9433,44.75,43.95
2023-04-04,35.29,34.23,64.01,62.9,99.7702,83.6922,99.11,98.81,128.835,144.2033,44.01,43.3
2023-04-05,35.85,34.8,63.93,62.93,99.9624,83.8538,98.39,98.81,126.58,141.7033,43.68,42.81
2023-04-06,35.89,34.8,63.69,62.66,98.0695,82.4092,98.12,98.81,126.2,140.9733,44.79,43.92
2023-04-10,36.35,35.14,63.69,62.7,98.5787,82.8369,99.42,99.9,128.11,143.4633,44.97,44.07
2023-04-11,36.54,35.33,64.21,63.23,101.375,85.8591,99.0,97.26,127.43,142.71,44.78,43.81
2023-04-12,36.4,35.06,63.51,62.56,101.2693,85.6786,99.64,97.26,125.165,140.1,45.74,44.75
2023-04-13,36.45,35.11,64.01,63.05,99.7799,85.5075,100.04,97.26,126.175,141.2533,45.87,44.93
2023-04-14,36.42,35.02,63.83,62.78,100.8945,86.2488,98.85,97.26,126.04,141.0333,45.65,44.68
2023-04-17,35.89,34.64,64.58,63.72,101.8938,86.9521,98.93,97.26,125.95,141.0333,45.57,44.56
2023-04-18,36.95,35.73,64.61,63.68,104.9783,89.7843,99.2,97.26,126.515,141.6433,45.36,44.44
2023-04-19,36.75,35.55,65.02,64.15,105.0264,89.6797,99.05,97.26,125.315,140.0933,45.79,44.73
2023-04-20,36.78,35.59,65.13,64.07,107.4959,92.0367,99.54,97.26,125.455,139.9633,45.07,44.04
2023-04-21,36.39,35.31,64.85,63.97,106.8521,91.5425,97.22,97.26,124.17,138.9367,45.0,44.06
2023-04-24,38.74,37.61,64.52,63.58,107.7457,92.1128,96.24,97.26,123.505,138.3133,44.46,43.4
2023-04-25,38.76,37.55,64.71,63.95,106.6695,91.0578,95.44,97.26,119.59,133.6667,43.52,42.45
2023-04-26,38.87,37.66,64.88,64.0,104.8822,89.8033,92.27,97.26,120.425,134.38,41.74,40.76
2023-04-27,40.54,39.29,66.08,65.28,107.3325,92.3694,93.18,97.26,121.59,134.9467,42.56,41.72
2023-04-28,39.17,38.02,65.88,65.09,108.3991,92.9681,90.11,90.94,123.625,137.38,43.54,42.78
2023-05-01,39.9,38.76,66.22,65.29,107.9956,93.3008,92.59,90.94,124.57,138.6233,43.92,43.25
2023-05-02,39.2,38.18,65.66,64.61,108.6201,94.5458,92.57,90.94,123.49,137.6333,42.83,42.12
2023-05-03,39.69,38.78,65.16,64.32,109.6675,95.9524,93.76,90.94,122.215,136.0533,42.4,41.47
2023-05-04,40.0,38.9,65.19,64.32,107.9571,93.7475,90.93,90.94,121.805,135.29,46.62,45.88
2023-05-05,39.43,38.54,65.58,64.67,109.0045,94.7074,91.28,90.94,124.38,138.3,48.68,47.86
2023-05-08,39.09,38.2,65.41,64.63,110.2056,95.5437,91.11,90.94,125.07,138.8833,48.25,47.38
2023-05-09,38.63,37.86,64.54,63.8,109.8885,95.2586,91.28,90.94,123.14,136.52,47.49,46.62
2023-05-10,39.37,38.54,64.81,64.23,109.6771,95.1921,91.81,90.94,124.14,137.91,47.34,46.52
2023-05-11,39.0,38.22,64.93,64.22,109.5426,95.1065,91.4,90.29,123.04,137.0067,45.73,45.02
2023-05-12,38.96,38.2,64.89,64.27,108.8027,94.7074,91.06,90.29,122.9,136.88,44.82,44.14
2023-05-15,39.28,38.47,65.22,64.26,108.87,95.04,91.55,90.29,126.12,140.5967,45.62,44.77
2023-05-16,38.64,37.82,63.68,63.01,109.4657,95.1636,91.7,90.29,126.09,140.3333,44.95,44.18
2023-05-17,38.97,38.06,64.18,63.3,110.1095,95.8573,93.85,90.29,129.5,143.8,45.68,44.81
2023-05-18,38.88,38.02,64.1,63.18,111.2722,96.9408,93.78,96.0,134.04,148.3433,45.87,45.07
2023-05-19,38.33,37.59,64.53,63.7,109.1486,95.2111,94.0,96.0,133.3,147.58,45.39,44.52
2023-05-22,38.47,37.65,65.24,64.34,106.1794,92.6165,99.87,101.0,133.19,148.09,45.41,44.59
2023-05-23,38.36,37.5,64.07,62.98,102.9124,89.6607,99.51,101.0,131.27,146.26,45.59,44.69
2023-05-24,38.12,37.35,62.99,61.81,103.6811,89.9839,98.09,101.0,129.34,143.6433,45.21,44.45
2023-05-25,37.97,37.21,62.35,61.2,104.3153,90.6872,98.95,101.0,140.46,153.21,45.29,44.42
2023-05-26,37.74,36.93,62.68,61.58,103.2487,90.0694,99.84,101.0,147.36,163.2233,44.95,44.09
2023-05-30,37.61,36.72,62.67,61.53,103.585,91.0103,100.26,101.0,148.07,163.0867,44.71,43.9
2023-05-31,37.37,36.68,62.85,61.77,102.9316,89.8603,97.21,97.0,144.33,158.9,45.61,44.79
2023-06-01,37.3,36.48,63.17,61.81,103.9117,90.402,98.65,97.0,146.5,161.6333,46.01,45.15
2023-06-02,37.77,36.75,65.07,64.05,107.6208,94.2132,101.81,97.0,146.14,161.2533,46.68,45.76
2023-06-05,37.43,36.47,64.39,63.08,107.5631,94.1561,97.88,97.0,144.31,158.7567,45.7,44.83
2023-06-06,37.91,36.7,63.72,62.5,111.4644,97.302,100.89,97.0,145.33,160.6733,47.48,46.62
2023-06-07,39.74,38.5,66.3,64.77,109.5426,96.266,108.99,97.0,144.5,160.22,46.55,45.74
2023-06-08,39.63,38.41,67.01,65.43,108.9372,94.8594,110.0,97.0,146.17,161.86,46.51,45.75
2023-06-09,39.41,38.21,65.85,64.34,109.7348,95.3821,108.87,97.0,146.84,162.2867,44.83,44.14
2023-06-12,40.24,38.97,65.16,63.55,110.8879,96.3991,108.06,108.29,151.18,167.5133,45.06,44.05
2023-06-13,41.27,39.98,67.0,65.2,111.474,96.4086,106.72,108.29,153.27,169.7567,45.83,44.95
2023-06-14,40.62,39.28,67.14,64.96,110.2633,94.5268,107.12,108.29,155.6,172.1667,46.12,45.22
2023-06-15,41.38,40.11,67.54,65.2,115.1254,99.0982,107.87,108.29,154.48,170.7433,48.16,47.15
2023-06-16,41.33,39.73,66.91,65.4,115.3272,100.4763,107.14,108.29,153.38,169.1667,46.68,45.76
2023-06-20,40.61,39.17,66.47,64.83,116.8262,101.4647,107.52,108.29,152.84,167.7967,47.87,46.84
2023-06-21,40.84,39.41,67.85,66.32,116.8935,101.8829,109.02,108.29,149.34,163.7067,48.71,47.55
2023-06-22,40.55,39.07,67.32,65.84,116.5764,102.4531,108.28,108.22,150.08,164.47,48.81,47.7
2023-06-23,40.16,38.61,66.46,65.04,117.5181,103.9833,105.63,108.22,147.53,161.5733,48.07,46.96
2023-06-26,40.53,39.05,66.72,65.44,116.3362,102.6337,104.89,104.19,146.85,162.0967,49.3,48.19
2023-06-27,40.89,39.67,67.37,66.12,121.1311,106.977,105.52,104.19,151.51,167.76,51.13,49.98
2023-06-28,41.15,39.65,67.03,65.62,120.5545,106.3878,104.55,105.28,150.14,166.4667,52.53,51.39
2023-06-29,41.3,39.88,67.65,66.3,118.9402,106.5303,107.93,105.28,149.92,166.5133,50.17,49.01
2023-06-30,40.92,39.62,68.07,66.78,120.4104,107.3762,108.43,105.28,152.25,169.0867,50.26,49.2
2023-07-03,40.66,39.43,68.04,66.82,120.3816,109.1059,108.52,105.28,153.6,170.59,51.53,50.29
2023-07-05,41.09,39.65,68.08,67.0,119.4303,107.3477,107.73,105.28,150.7,166.82,49.48,48.32
2023-07-06,39.96,38.69,68.05,66.83,115.8077,103.7552,106.2,105.28,148.91,164.7167,47.56,46.32
2023-07-07,40.36,39.08,67.28,66.19,115.5098,102.6527,109.47,105.28,149.05,164.7867,47.82,46.61
2023-07-10,41.09,39.97,66.66,65.53,118.6327,104.9717,111.79,111.1,151.16,168.2167,47.91,46.6
2023-07-11,41.23,39.93,67.11,65.95,120.026,107.4047,111.71,113.45,151.32,168.2233,52.28,51.62
2023-07-12,42.01,40.71,67.23,66.02,123.2643,110.3985,112.27,112.0,154.5,171.3567,52.9,52.15
2023-07-13,42.79,41.5,68.27,66.89,124.9939,112.8125,111.6,112.0,158.21,174.8967,54.17,53.3
2023-07-14,42.36,41.07,68.72,67.54,128.0303,114.9129,110.54,112.0,156.9,172.71,53.23,52.39
2023-07-17,42.99,41.5,68.05,66.68,125.2918,112.2232,112.36,112.0,159.82,176.8433,53.75,52.8
2023-07-18,43.37,41.99,68.62,67.3,125.8683,112.0427,113.25,112.0,160.26,177.17,54.44,53.49
2023-07-19,,,69.94,68.62,125.6377,111.7385,110.48,112.0,158.58,175.0667,54.64,53.68
2023-07-20,44.17,39.63,70.22,68.84,121.2175,108.0605,111.47,112.0,152.97,168.7,52.77,51.8
2023-07-21,43.43,37.98,70.19,68.62,121.698,108.9919,110.41,112.0,153.79,170.2233,52.42,51.54
2023-07-24,42.9,36.99,70.5,69.09,122.3226,110.0278,109.61,112.0,153.92,170.2167,53.54,52.54
2023-07-25,44.32,38.57,71.08,69.77,122.5532,110.37,109.65,109.53,156.39,173.08,53.29,52.24
2023-07-26,43.79,37.91,71.66,70.36,122.2457,109.8472,109.19,109.53,154.68,170.69,53.65,52.63
2023-07-27,43.66,37.55,71.23,69.87,120.9004,108.1745,110.78,110.54,157.46,173.9,52.17,51.25
2023-07-28,45.7,39.55,72.22,70.82,122.7838,110.1704,99.8,100.0,160.5,177.6967,53.51,52.52
2023-07-31,47.34,40.72,71.91,70.6,121.8709,109.2105,105.44,100.0,160.62,178.4333,54.16,53.22
2023-08-01,46.02,39.17,72.19,70.81,122.0343,109.9423,106.29,100.0,160.53,178.5467,55.32,54.29
2023-08-02,46.69,39.75,71.75,70.59,120.2951,108.184,108.92,100.0,154.64,171.7133,54.23,53.03
2023-08-03,46.54,39.63,71.62,70.38,117.8448,105.9696,109.75,100.0,154.19,171.2733,55.0,53.55
2023-08-04,46.2,39.31,71.09,69.96,120.6602,108.7638,112.87,100.0,154.25,171.0033,56.33,54.77
2023-08-07,44.98,37.87,71.78,70.55,122.3322,109.6001,113.25,100.0,155.91,172.8033,55.99,54.52
2023-08-08,45.8,38.46,71.05,69.75,122.0631,109.22,114.5,100.0,153.34,170.0533,56.78,55.31
2023-08-09,46.2,38.2,71.83,70.45,120.6698,107.9084,114.25,100.0,150.3,166.9333,56.17,54.87
2023-08-10,45.92,37.61,71.92,70.4,118.5462,106.4543,113.23,112.82,149.97,166.26,55.9,54.65
2023-08-11,46.14,38.2,71.72,70.3,118.4117,106.0551,115.14,112.82,146.21,162.23,56.33,55.02
2023-08-14,45.99,38.22,71.77,70.29,119.0267,107.1576,115.11,114.48,150.66,166.91,56.29,55.02
2023-08-15,45.59,37.8,70.11,68.64,121.1311,109.2485,114.51,114.48,148.85,164.1233,54.77,53.52
2023-08-16,44.65,37.87,69.76,68.39,117.8736,106.1407,112.47,114.48,146.5,160.9467,51.57,50.19
2023-08-17,42.28,36.85,69.1,67.64,112.4733,101.018,112.7,113.18,145.51,159.3733,50.68,49.37
2023-08-18,42.37,36.96,69.26,67.86,112.4253,101.2651,114.17,114.57,146.13,160.23,50.87,49.43
2023-08-21,42.2,36.61,69.07,67.77,111.301,99.8585,114.71,114.57,151.04,164.8333,49.13,47.87
2023-08-22,41.71,36.24,68.29,66.91,111.9929,100.3527,115.74,116.2,149.53,163.38,49.9,48.62
2023-08-23,41.47,36.15,70.5,69.29,112.5887,100.2957,114.08,116.2,152.77,166.72,50.08,48.79
2023-08-24,40.8,36.07,68.76,67.37,111.3587,99.2693,113.37,116.2,148.82,161.21,50.16,48.83
2023-08-25,40.62,36.09,69.36,68.09,109.581,97.9672,114.0,114.19,149.09,161.9033,49.97,48.66
2023-08-28,41.22,36.14,69.77,68.46,109.5906,98.1003,114.98,115.43,150.93,163.9533,50.49,49.21
2023-08-29,41.7,36.61,70.31,69.03,112.0121,100.3908,115.4,115.43,154.8,168.26,50.98,49.74
2023-08-30,42.01,36.92,67.14,66.28,114.6065,101.9209,114.96,117.42,155.59,169.0533,52.5,51.18
2023-08-31,41.84,36.84,67.23,66.13,114.4336,101.3697,116.16,115.9,156.22,170.2233,52.16,50.92
2023-09-01,41.52,36.59,68.17,66.74,115.9422,102.6622,119.48,115.9,156.21,170.6667,52.52,51.4
2023-09-05,40.78,35.87,66.39,64.99,110.2441,97.5205,115.87,116.83,156.58,170.61,52.38,51.17
2023-09-06,40.66,36.07,65.14,63.58,112.3676,100.2387,115.34,116.83,154.76,169.3767,52.05,50.76
2023-09-07,40.75,36.54,65.84,64.2,113.4631,101.037,115.68,116.83,151.33,165.5,51.62,50.28
2023-09-08,40.33,36.05,65.59,64.31,114.03,101.2841,114.62,116.83,150.38,164.6433,50.91,49.63
2023-09-11,40.85,36.24,66.35,64.99,115.0774,101.9019,114.66,116.83,150.49,164.55,51.09,49.85
2023-09-12,40.29,36.07,65.66,64.02,111.9545,99.2503,112.43,116.83,149.36,163.1533,51.82,50.52
2023-09-13,39.93,35.79,66.08,64.01,111.4356,98.9747,111.72,116.83,150.57,163.99,49.86,48.66
2023-09-14,39.85,36.25,66.87,64.57,113.0979,100.4573,112.4,112.16,151.39,165.1633,48.81,47.51
2023-09-15,39.26,35.82,65.14,63.73,110.2729,96.9693,111.31,112.16,146.81,160.3967,47.43,46.09
2023-09-18,39.74,36.18,65.0,63.34,112.4637,99.735,113.48,112.16,147.3,160.9433,47.15,45.83
2023-09-19,40.91,37.19,64.73,62.83,112.704,99.9916,112.6,112.16,146.03,159.5867,47.37,46.09
2023-09-20,40.63,36.86,64.86,63.15,111.9737,99.8015,110.92,112.16,143.63,156.9667,47.78,46.75
2023-09-21,40.77,37.04,62.78,61.16,108.7066,97.1879,110.17,112.16,140.76,154.07,46.03,44.83
2023-09-22,40.48,37.04,61.92,60.51,109.0621,97.7201,108.37,112.16,141.96,155.3533,45.22,44.16
2023-09-25,40.7,37.55,61.14,59.83,108.649,97.7581,111.89,112.16,142.96,156.49,45.46,44.3
2023-09-26,39.09,36.0,59.5,58.29,107.5631,96.6652,111.53,112.16,140.7,153.1033,45.35,44.12
2023-09-27,38.49,35.5,57.59,56.64,107.3325,96.6367,113.47,112.16,141.99,154.4533,46.08,44.7
2023-09-28,38.51,35.55,57.83,57.09,109.7348,99.0792,113.81,112.16,144.29,157.3133,46.57,45.14
2023-09-29,39.07,35.73,58.1,57.69,107.8418,97.1594,112.96,112.72,144.98,157.8833,46.16,44.79
2023-10-02,39.44,36.2,57.53,56.83,106.804,96.5796,112.07,112.72,146.23,158.68,45.64,44.37
2023-10-03,40.52,37.34,58.45,57.75,103.9982,94.6218,111.28,112.72,142.98,155.3967,42.61,41.33
2023-10-04,40.0,36.77,58.3,57.73,104.7093,95.5247,111.27,112.72,145.21,157.46,43.84,42.57
2023-10-05,40.55,37.39,57.69,56.89,104.3922,95.1731,112.05,112.72,145.21,156.6967,43.77,42.42
2023-10-06,40.81,37.49,57.59,56.86,104.9495,96.4466,112.24,113.05,148.35,160.0633,43.98,42.73
2023-10-09,40.7,37.27,56.93,56.13,106.9193,98.7371,115.4,113.05,147.97,159.6633,43.72,42.5
2023-10-10,39.93,36.7,57.34,56.63,108.649,100.2767,115.2,114.46,149.8,161.71,45.31,43.99
2023-10-11,40.2,36.89,56.97,56.19,109.802,100.3622,117.59,114.46,151.42,162.9267,45.04,43.72
2023-10-12,39.64,36.25,53.81,53.0,104.2192,95.9239,115.7,114.46,152.19,163.3433,43.53,42.24
2023-10-13,39.83,36.48,54.45,53.48,105.0264,96.6842,114.94,114.46,148.38,158.8967,42.8,41.58
2023-10-16,40.27,36.7,55.83,54.89,105.2954,97.0453,115.86,114.46,150.09,161.1467,42.53,41.25
2023-10-17,40.32,36.81,56.53,55.69,105.3435,97.5396,117.81,114.46,148.32,159.97,42.46,41.1
2023-10-18,38.88,35.6,56.79,55.78,102.6049,95.3346,115.98,114.46,145.35,157.0867,40.97,39.65
2023-10-19,38.43,35.42,56.79,55.75,100.5197,92.8161,114.17,114.46,144.36,154.6667,39.39,38.27
2023-10-20,38.18,35.27,56.34,55.31,99.7318,91.2764,112.81,114.46,142.1,152.43,38.96,37.81
2023-10-23,37.33,34.19,56.25,55.19,101.1828,92.3979,111.62,114.46,142.6,151.5633,38.48,37.43
2023-10-24,38.65,35.2,57.41,56.35,100.8272,92.0082,111.6,114.46,144.27,153.62,39.37,38.37
2023-10-25,38.25,34.79,57.06,55.97,99.04,90.1169,111.25,114.46,138.68,147.41,38.19,37.24
2023-10-26,37.99,34.44,57.37,55.96,99.8663,90.8297,111.98,114.46,137.46,146.5333,38.05,37.26
2023-10-27,37.69,34.38,56.21,55.04,99.7318,90.402,109.92,114.46,138.31,148.11,38.6,37.73
2023-10-30,38.37,35.03,56.67,55.23,100.4333,91.5425,113.36,114.46,137.96,146.1267,38.97,38.15
2023-10-31,37.91,34.78,57.42,56.16,102.5088,93.7189,116.05,114.46,138.95,147.4633,36.25,35.53
2023-11-01,38.54,35.27,57.67,56.17,106.8713,97.397,115.44,114.46,142.41,150.9333,36.46,35.79
2023-11-02,39.65,36.19,59.33,57.84,111.3299,101.8449,118.77,118.37,146.1,154.3633,35.5,34.74
2023-11-03,39.32,35.89,61.2,59.55,115.135,105.0002,132.64,126.2,149.51,158.42,37.69,36.78
2023-11-06,39.41,36.06,60.63,58.97,114.078,103.9548,131.85,126.2,149.95,158.1267,37.11,36.0
2023-11-07,38.47,35.12,60.58,59.09,115.702,106.0266,129.86,126.2,150.89,159.1333,38.01,36.95
2023-11-08,37.41,34.48,60.25,58.72,116.1536,105.8365,127.52,126.2,151.43,159.2933,37.78,36.66
2023-11-09,37.2,34.24,59.87,58.38,114.9525,105.1142,131.0,126.2,151.16,158.53,36.16,35.19
2023-11-10,36.99,34.23,58.72,57.02,117.422,107.2336,131.62,126.2,157.28,164.9233,36.7,35.52
2023-11-13,37.0,34.28,59.14,57.56,117.47,107.3002,135.39,126.2,156.32,163.3167,35.71,34.53
2023-11-14,38.64,35.63,60.8,59.09,123.245,112.1757,135.96,126.2,161.09,169.3567,40.08,38.74
2023-11-15,39.24,35.47,60.78,59.22,121.8902,110.5695,134.96,126.2,161.21,170.5867,40.54,39.12
2023-11-16,39.86,35.78,59.3,57.69,122.1112,111.6625,133.33,126.2,161.81,170.67,40.71,39.17
2023-11-17,40.24,36.23,60.28,58.51,122.5051,112.4703,133.6,126.2,162.57,171.87,39.09,37.71
2023-11-20,40.37,36.1,60.71,59.02,123.2835,112.3468,135.19,133.98,164.9,174.4033,38.69,37.4
2023-11-21,39.79,35.68,60.3,58.59,121.8229,110.6646,135.87,133.98,162.47,171.1433,38.34,37.04
2023-11-22,39.97,35.83,61.25,59.55,122.4475,111.1208,140.18,133.98,162.12,171.69,39.76,38.26
2023-11-24,40.29,36.16,61.38,59.75,122.6397,110.9307,141.28,133.98,161.76,171.8133,40.01,38.62
2023-11-27,40.07,35.67,60.87,59.12,121.8806,109.7522,143.23,133.98,161.66,171.5733,41.1,39.64
2023-11-28,40.05,35.94,60.96,59.26,121.1311,108.8208,140.8,133.98,160.73,170.57,41.92,40.28
2023-11-29,40.7,36.15,59.75,58.23,121.8806,109.7617,139.01,133.98,162.21,172.42,42.29,40.68
2023-11-30,40.35,35.95,60.23,58.74,122.9183,109.0489,140.01,133.98,160.48,171.2167,40.94,39.39
2023-12-01,40.68,36.31,61.58,59.94,126.4352,114.4377,140.72,133.98,161.13,172.02,43.36,41.65
2023-12-04,40.32,35.97,62.15,60.38,126.368,113.991,143.44,133.98,158.78,170.0933,44.09,42.33
2023-12-05,40.4,35.89,61.94,60.23,126.7427,114.9509,140.87,141.83,158.78,169.1267,44.29,42.52
2023-12-06,40.16,35.54,55.69,53.98,130.077,117.6215,141.43,141.83,157.5,168.0833,45.09,43.49
2023-12-07,41.0,36.34,56.34,54.52,132.0949,119.3227,138.04,141.83,161.1,172.59,46.73,45.01
2023-12-08,41.72,37.16,56.78,55.08,134.1224,124.2553,138.6,141.83,162.48,173.9533,46.41,44.66
2023-12-11,42.14,37.45,58.15,56.44,134.1801,122.8677,139.46,141.83,166.38,179.8867,45.55,43.82
2023-12-12,42.38,37.49,58.71,56.94,135.0353,123.0958,139.88,141.83,168.14,181.1833,47.26,45.42
2023-12-13,41.69,38.49,59.06,57.11,139.4842,125.947,141.35,141.83,170.12,183.9733,52.0,50.28
2023-12-14,41.87,38.38,60.62,58.42,148.7569,132.8564,140.12,141.83,173.26,189.0733,55.57,54.5
2023-12-15,41.01,38.13,59.84,57.33,143.4432,128.5606,139.3,141.83,174.08,189.7767,55.8,54.78
2023-12-18,41.28,38.61,60.29,58.18,141.5214,126.9259,140.98,141.83,173.34,189.25,56.27,55.33
2023-12-19,41.64,39.23,61.26,59.09,142.8378,127.5152,145.76,141.83,173.92,190.26,57.85,56.93
2023-12-20,41.38,38.73,59.26,57.0,141.0505,125.3768,142.14,145.48,169.08,184.2567,56.86,55.48
2023-12-21,42.33,39.09,59.77,57.54,142.1267,126.2892,143.09,145.48,173.26,189.3567,58.75,57.97
2023-12-22,42.54,39.3,59.82,57.73,141.6559,125.7094,144.85,145.48,173.28,189.9633,58.79,58.07
2023-12-26,43.05,39.72,59.89,57.69,142.4054,126.5172,146.28,145.48,175.67,193.32,58.68,57.76
2023-12-27,43.48,39.91,59.72,57.29,143.4624,128.0474,146.09,145.48,175.86,193.8167,59.47,58.51
2023-12-28,43.29,39.8,59.81,57.35,143.3471,127.5912,145.09,145.09,175.82,193.4533,58.85,57.82
2023-12-29,42.78,39.58,59.59,57.1,143.2125,127.4011,144.78,145.09,174.87,192.0333,57.86,56.72
2024-01-02,42.28,39.03,59.2,56.85,141.6943,126.3177,142.0,145.09,168.97,185.1167,57.25,56.22
2024-01-03,41.73,38.5,58.17,55.77,139.9647,125.7474,139.58,145.09,165.97,181.14,55.23,53.98
2024-01-04,41.75,38.5,58.15,55.84,139.3978,125.6619,139.81,145.09,164.99,179.6167,54.16,52.75
2024-01-05,42.01,39.06,57.44,55.09,140.5508,126.7644,139.67,145.09,166.08,180.6133,53.71,52.43
2024-01-08,43.15,40.17,58.04,55.69,143.472,128.2185,139.97,145.09,171.96,186.4967,55.67,54.58
2024-01-09,42.62,39.6,57.95,55.56,142.3669,127.5437,139.27,145.09,172.42,186.56,55.44,54.35
2024-01-10,42.54,39.53,58.12,55.59,147.354,132.4668,140.37,140.22,172.58,185.9333,54.6,53.28
2024-01-11,42.14,39.33,57.73,55.51,149.1317,134.358,141.11,140.22,173.56,186.62,54.19,52.96
2024-01-12,42.33,39.5,58.04,55.78,145.8166,132.3812,142.15,140.22,172.95,185.7967,53.5,52.16
2024-01-16,42.09,39.1,56.76,54.56,144.6154,131.7825,140.55,140.22,175.7,188.43,52.46,51.15
2024-01-17,42.11,39.01,56.13,54.03,143.7506,129.9007,139.11,140.22,174.64,186.7033,51.92,50.59
2024-01-18,41.74,38.79,56.53,54.54,144.4425,130.9271,141.47,140.22,180.31,192.8667,52.54,51.3
2024-01-19,42.56,39.59,56.66,54.6,145.8742,132.7709,141.97,140.87,187.18,200.41,54.39,53.01
2024-01-22,43.13,40.18,55.97,53.99,149.1989,135.508,143.76,140.87,188.05,201.0667,55.53,54.12
2024-01-23,43.87,40.81,56.86,55.04,141.8192,127.7908,144.04,140.87,189.01,202.4,54.85,53.39
2024-01-24,43.71,40.69,56.57,54.56,139.4458,126.2701,142.59,143.19,192.37,205.3467,54.34,52.9
2024-01-25,43.93,40.89,57.31,55.71,143.2894,129.7296,140.25,143.19,192.37,204.7767,55.09,53.52
2024-01-26,43.31,40.3,58.47,56.69,142.5783,129.2639,144.44,140.76,188.27,199.2567,56.55,54.97
2024-01-29,43.99,41.19,58.31,56.48,143.7218,130.7845,143.59,140.76,190.48,201.33,58.41,56.65
2024-01-30,44.07,41.25,57.79,56.11,145.1632,132.4002,142.99,140.76,188.59,198.22,57.45,55.78
2024-01-31,43.07,40.31,56.37,54.9,143.9909,131.868,139.8,142.0,185.87,195.35,56.84,55.09
2024-02-01,43.62,40.6,58.69,57.03,147.9113,135.1564,141.45,142.0,187.57,196.3167,58.36,56.63
2024-02-02,42.99,40.17,58.35,56.8,147.9882,135.6601,141.11,140.85,191.22,198.8233,57.65,55.91
2024-02-05,42.67,39.86,57.66,56.43,146.5373,135.1469,139.84,140.85,194.95,201.54,56.09,54.26
2024-02-06,43.24,40.41,58.27,56.91,145.0382,134.0349,140.65,140.85,192.74,199.19,57.06,55.34
2024-02-07,42.95,40.17,58.64,57.13,146.7198,134.9758,142.39,140.85,196.63,202.2367,57.25,55.55
2024-02-08,43.53,40.56,58.56,56.93,147.2964,135.1564,143.26,140.85,199.43,205.7133,56.28,54.47
2024-02-09,43.59,40.56,58.27,56.57,147.0369,136.0212,146.32,140.85,203.85,209.81,54.95,53.26
2024-02-12,43.62,40.75,59.31,57.78,151.7357,139.8799,145.82,140.85,203.06,209.43,55.48,53.67
2024-02-13,42.22,39.49,58.09,56.69,145.7493,134.244,141.9,140.85,199.3,205.1267,53.88,52.06
2024-02-14,43.18,40.15,58.85,57.35,147.8537,136.3634,146.75,140.85,203.3,209.76,58.06,56.03
2024-02-15,43.87,40.98,59.31,58.01,148.1708,136.715,150.95,140.85,202.62,209.56,57.92,55.83
2024-02-16,43.01,40.15,59.03,57.87,144.3464,133.2271,149.9,140.85,201.75,208.3733,54.8,52.75
2024-02-20,42.85,39.84,59.71,58.51,145.0863,133.6738,147.83,140.85,197.78,204.8667,53.52,51.63
2024-02-21,42.54,39.5,59.94,58.57,146.0376,134.5861,151.53,140.85,196.51,204.3967,53.78,51.64
2024-02-22,41.84,38.92,58.88,57.82,147.5558,135.6791,150.12,140.85,209.93,214.47,53.22,51.25
2024-02-23,41.98,39.18,58.79,57.49,149.0164,136.9716,151.4,140.85,208.62,212.1567,53.53,51.45
2024-02-26,42.31,39.43,58.23,57.0,148.1035,136.601,149.88,141.0,210.35,214.25,53.67,51.66
2024-02-27,42.22,39.52,58.87,57.62,147.8537,134.8047,149.1,139.71,209.74,214.0367,54.84,52.67
2024-02-28,41.55,38.75,59.51,58.49,147.7864,136.2969,149.71,139.71,207.41,211.63,55.24,53.06
2024-02-29,41.95,39.12,59.94,60.23,152.3123,140.0604,149.95,139.71,211.95,217.3633,56.15,54.06
2024-03-01,41.81,38.89,60.68,60.37,155.1661,142.484,150.39,139.71,220.54,226.6133,57.1,55.58
2024-03-04,41.66,38.83,60.55,60.26,154.2533,141.2104,153.11,139.71,224.09,228.84,57.34,55.37
2024-03-05,41.35,38.5,61.1,60.78,153.3212,139.3762,150.11,139.71,220.66,224.3533,54.49,52.4
2024-03-06,41.02,38.05,56.68,56.33,154.7433,140.5071,152.2,139.71,226.35,229.8667,56.21,54.03
2024-03-07,41.71,38.77,55.56,54.6,157.9912,143.3964,152.08,139.71,234.17,237.75,55.94,54.06
2024-03-08,41.28,38.46,55.6,54.42,157.7702,142.3889,153.29,139.71,224.99,228.13,57.88,56.15
2024-03-11,41.39,38.58,56.17,55.16,157.7029,141.5811,150.12,150.75,220.98,225.1,56.93,55.28
2024-03-12,41.27,38.32,55.7,54.33,159.4806,142.6265,151.0,150.75,227.97,229.77,56.55,54.84
2024-03-13,41.08,38.16,55.76,54.32,159.0289,142.9307,153.93,150.75,223.46,224.17,55.98,54.1
2024-03-14,40.77,38.02,54.6,53.31,146.8832,132.2957,153.26,150.75,219.46,220.34,55.15,53.14
2024-03-15,40.96,38.21,55.03,53.72,150.4481,133.8733,154.34,150.75,217.84,218.76,47.71,46.22
2024-03-18,40.62,37.9,53.7,52.43,150.4865,134.0919,152.52,152.0,218.28,218.59,47.67,46.66
2024-03-19,40.83,38.16,53.53,52.34,153.3981,136.5915,153.04,152.0,217.8,216.76,48.15,47.1
2024-03-20,40.78,38.02,53.62,52.25,157.2417,140.0604,155.3,152.0,221.29,220.45,48.93,48.0
2024-03-21,41.12,38.13,52.87,51.64,158.8752,141.2009,158.07,152.0,226.31,225.18,51.25,50.32
2024-03-22,40.69,37.98,51.99,50.9,160.0667,141.258,157.4,152.0,227.64,225.45,50.83,49.77
2024-03-25,40.47,37.94,51.91,50.86,159.5478,141.8092,156.31,152.0,227.08,224.57,49.31,48.59
2024-03-26,40.65,38.08,52.08,51.0,159.0866,141.8852,156.66,152.0,224.97,222.88,48.9,48.11
2024-03-27,41.4,38.68,53.07,52.04,161.9116,143.843,158.51,152.0,224.89,225.68,50.38,49.61
2024-03-28,41.9,39.06,52.95,51.62,165.2556,146.5327,159.65,157.0,224.99,225.92,48.78,47.86
2024-04-01,41.72,38.79,52.36,51.02,161.2486,144.0521,157.04,157.0,227.94,228.3,48.22,47.4
2024-04-02,42.14,39.14,52.2,50.99,156.1174,139.034,155.65,155.07,225.01,224.78,46.86,45.75
2024-04-03,42.44,39.66,52.87,51.84,159.5959,141.4765,157.45,155.07,225.91,225.41,46.74,45.85
2024-04-04,42.49,39.59,52.82,51.42,157.2417,140.1935,156.15,155.07,219.89,219.03,46.82,45.83
2024-04-05,42.62,39.45,52.45,50.98,159.7208,142.7311,159.86,155.07,222.64,221.63,47.22,46.23
2024-04-08,41.71,38.81,52.14,50.65,158.5581,142.6836,159.73,155.07,223.06,222.2,47.7,46.61
2024-04-09,42.56,39.7,52.31,50.92,159.4998,143.1873,158.38,155.07,224.1,224.59,47.99,47.19
2024-04-10,42.01,39.22,51.43,50.0,150.3136,135.2514,156.7,155.07,222.15,220.49,45.13,44.4
2024-04-11,42.24,39.33,51.74,50.41,153.2251,137.2758,159.69,155.07,227.31,225.47,45.26,44.41
2024-04-12,41.37,38.53,50.78,49.43,153.6479,137.2948,156.06,155.07,220.68,218.07,44.42,43.71
2024-04-15,40.82,38.06,50.6,49.39,150.0157,134.4341,156.06,155.07,217.36,215.31,43.15,42.41
2024-04-16,40.54,37.59,49.91,48.71,146.6141,131.925,155.54,155.07,219.16,216.94,43.33,42.7
2024-04-17,40.46,37.5,50.44,49.14,145.9415,131.3738,154.07,155.07,212.4,210.36,42.54,41.88
2024-04-18,40.13,37.15,50.3,48.98,146.5276,132.2957,152.72,155.07,208.63,206.63,41.81,41.11
2024-04-19,40.29,37.28,50.43,49.06,144.3176,130.2618,153.87,155.07,199.21,198.39,41.82,41.04
2024-04-22,40.53,37.6,50.51,49.15,145.6436,132.5523,154.82,155.07,203.02,201.66,42.24,41.51
2024-04-23,41.19,38.29,50.75,49.39,149.6121,135.8787,158.86,155.07,207.8,205.87,43.63,43.18
2024-04-24,40.99,38.03,50.29,49.01,148.0939,134.6622,158.38,155.07,208.04,208.54,43.43,42.88
2024-04-25,41.25,38.42,49.5,48.11,146.8159,133.5882,157.13,155.07,212.2,212.41,42.95,42.41
2024-04-26,41.16,38.19,49.46,48.13,148.2573,135.7932,168.47,155.07,217.64,216.9,43.67,43.13
2024-04-29,41.13,38.13,49.97,48.69,149.3911,137.0952,162.53,155.07,218.38,218.55,43.65,43.11
2024-04-30,40.34,37.43,49.07,47.85,145.6917,133.4267,159.07,160.8,214.09,213.99,42.57,42.0
2024-05-01,40.91,37.93,48.36,47.31,146.5084,134.6337,160.43,160.8,207.85,206.76,41.89,41.44
2024-05-02,41.34,38.55,48.43,47.49,149.1413,136.3919,162.22,160.8,212.03,211.41,39.84,39.19
2024-05-03,41.77,38.79,48.85,47.92,151.9183,138.8059,163.35,160.8,217.73,216.17,40.69,40.07
2024-05-06,41.46,38.74,47.94,46.92,154.7337,141.5336,166.88,160.8,222.67,220.66,41.7,41.06
2024-05-07,41.75,38.93,48.67,47.51,154.801,142.4174,169.79,160.8,220.73,218.71,43.12,42.36
2024-05-08,42.29,39.13,48.52,47.56,152.2738,139.6803,171.64,160.8,221.4,218.92,41.65,41.21
2024-05-09,42.46,39.26,49.21,48.26,154.5992,142.3319,172.26,160.8,219.98,218.1,43.08,42.46
2024-05-10,41.62,38.61,50.05,49.12,156.5594,144.1947,175.66,175.05,223.3,220.24,42.36,41.8
2024-05-13,40.82,37.8,49.91,49.12,155.6754,143.1968,169.49,175.05,223.26,220.7,42.84,42.2
2024-05-14,40.68,37.97,49.56,48.82,155.9829,143.5864,168.08,175.05,227.08,224.37,44.7,43.85
2024-05-15,41.49,38.59,48.66,47.56,164.1698,151.0091,170.07,172.97,233.9,230.67,45.13,44.23
2024-05-16,41.74,38.82,49.53,48.69,158.7407,145.5252,169.94,172.97,232.2,229.54,44.75,43.91
2024-05-17,42.02,39.33,49.31,48.47,159.3941,146.5707,170.29,172.97,230.25,228.24,44.1,43.35
2024-05-20,41.53,39.0,47.95,47.22,157.2705,144.4133,173.95,172.97,235.0,233.26,43.17,42.58
2024-05-21,42.01,39.48,48.12,47.31,156.348,142.6265,178.6,172.97,234.67,232.51,42.33,41.8
2024-05-22,41.36,38.97,47.5,47.06,149.7851,136.9241,175.53,172.97,236.59,235.24,41.52,40.84
2024-05-23,40.23,37.8,46.51,46.32,148.4783,135.8027,172.0,172.97,239.82,233.92,39.88,39.34
2024-05-24,41.2,38.93,45.89,45.76,150.2655,137.5419,173.88,172.97,244.26,238.56,39.67,39.14
2024-05-28,41.45,39.09,45.24,44.88,148.8915,135.8597,170.47,172.97,249.83,242.59,39.76,39.16
2024-05-29,40.88,38.9,44.66,44.22,148.0363,134.7287,167.77,172.97,245.65,237.58,39.27,38.73
2024-05-30,41.13,39.09,44.53,44.27,150.8901,137.789,169.18,172.97,242.27,235.93,39.21,38.66
2024-05-31,42.03,39.97,45.8,45.86,154.0803,139.0055,169.43,170.0,240.48,234.01,40.95,40.15
2024-06-03,42.27,40.25,45.99,46.09,154.4262,139.0815,168.44,170.0,243.48,234.39,41.71,40.89
2024-06-04,42.3,40.37,45.72,45.74,151.5435,136.582,164.44,170.0,242.6,232.56,41.92,41.01
2024-06-05,42.52,40.62,43.28,43.04,153.1386,138.0076,168.91,170.0,254.41,242.73,42.79,41.86
2024-06-06,42.34,40.32,43.89,43.92,150.0157,135.9547,166.16,170.0,252.41,240.74,42.68,41.7
2024-06-07,41.82,39.82,43.65,43.89,147.9978,133.7308,164.4,170.0,252.21,240.02,42.63,41.57
2024-06-10,42.2,40.02,42.81,42.91,149.3431,134.9568,165.19,170.0,255.86,243.48,43.5,42.55
2024-06-11,42.07,39.8,43.04,43.18,146.2778,132.1341,164.11,170.0,255.48,243.37,42.81,41.74
2024-06-12,42.17,40.07,42.99,42.91,148.9395,135.6221,168.08,170.0,263.09,250.23,48.51,47.06
2024-06-13,41.74,39.75,43.44,42.83,148.9779,135.9927,164.83,170.0,267.21,252.95,48.5,47.07
2024-06-14,41.51,39.53,43.87,43.66,149.0356,135.5175,159.57,170.0,267.89,252.04,48.0,46.55
2024-06-17,41.16,39.28,44.18,44.19,150.3905,135.9072,161.82,170.0,272.48,256.02,46.81,45.54
2024-06-18,40.69,38.81,43.27,43.55,142.905,130.6895,165.13,170.0,276.76,259.28,49.02,47.55
2024-06-20,40.28,38.45,43.2,43.31,143.472,130.1953,165.77,170.0,268.92,252.24,48.83,47.49
2024-06-21,40.18,38.42,43.55,43.6,145.6244,132.3717,168.01,170.0,264.89,249.78,48.91,47.57
2024-06-24,39.98,38.12,43.57,43.66,144.7692,132.6758,164.85,170.0,255.78,242.65,47.02,45.68
2024-06-25,40.6,38.47,43.14,43.21,143.3471,131.1932,165.39,170.0,261.77,246.38,45.99,44.6
2024-06-26,40.55,38.61,43.29,43.43,143.1164,131.0412,167.44,170.0,260.91,245.42,46.5,45.21
2024-06-27,40.91,38.8,43.45,43.36,143.2894,131.6969,165.0,170.0,258.86,244.16,46.8,45.38
2024-06-28,41.33,39.44,44.13,43.19,144.0101,132.5143,167.3,170.0,260.7,246.63,46.39,45.04
2024-07-01,41.01,39.04,42.88,42.11,140.2241,129.4255,163.2,170.0,261.01,246.62,45.64,44.18
2024-07-02,42.14,40.44,43.1,42.48,137.9948,127.3061,168.4,170.0,263.63,250.09,44.83,43.46
2024-07-03,41.83,40.02,42.72,41.85,137.6778,127.3441,170.37,170.0,269.62,254.26,45.8,44.36
2024-07-05,41.84,40.14,43.19,42.39,137.0532,126.7644,169.27,170.0,269.72,254.76,46.23,44.65
2024-07-08,42.6,40.9,43.12,42.06,137.0532,127.3346,170.44,170.0,274.21,259.59,46.86,45.31
2024-07-09,42.55,40.58,42.55,41.5,136.9283,127.8953,169.96,170.0,274.81,259.47,47.94,46.35
2024-07-10,42.68,40.53,43.61,42.66,140.0223,130.775,172.33,170.0,281.27,265.49,47.35,46.0
2024-07-11,43.88,41.6,44.2,43.43,149.737,139.7848,176.0,170.0,271.02,256.76,49.4,48.35
2024-07-12,43.94,41.75,44.98,44.17,153.6287,142.4555,178.42,170.0,274.45,259.89,50.28,48.89
2024-07-15,44.89,42.39,44.53,43.92,152.9561,141.9803,185.04,170.0,273.83,260.18,51.64,50.05
2024-07-16,46.16,43.44,44.42,43.76,162.9879,151.7884,195.0,189.43,273.71,261.79,54.02,52.58
2024-07-17,46.01,43.56,45.28,44.63,159.9706,148.4905,191.65,193.42,254.22,243.17,52.72,51.27
2024-07-18,45.5,43.06,44.49,43.74,163.3818,150.8665,188.12,193.42,255.54,243.9,50.97,49.66
2024-07-19,44.82,42.33,44.35,43.48,164.2562,150.6479,185.45,193.42,248.14,236.44,50.41,49.1
2024-07-22,45.15,42.81,44.77,43.52,165.7553,152.4917,190.43,191.3,257.72,246.24,51.55,50.13
2024-07-23,45.7,43.31,44.53,43.5,165.8994,152.9194,194.83,191.3,254.86,242.57,51.25,49.92
2024-07-24,45.05,42.62,44.64,43.72,162.1903,149.4124,190.4,191.3,240.98,229.67,47.5,46.27
2024-07-25,45.2,42.69,45.99,45.07,164.583,151.7124,194.38,191.3,236.56,224.55,48.47,47.36
2024-07-26,45.43,42.74,46.36,45.77,169.8006,156.8635,198.11,196.63,240.31,229.37,49.29,48.08
2024-07-29,45.63,43.32,45.9,45.24,171.2132,157.985,195.11,196.63,238.6,228.89,49.14,47.89
2024-07-30,46.02,43.69,45.24,44.46,173.3944,159.9333,195.16,196.63,229.47,220.58,49.25,47.75
2024-07-31,45.92,43.43,45.59,45.16,170.012,156.778,196.1,196.63,246.99,235.38,48.7,47.4
2024-08-01,44.72,42.4,45.21,44.77,169.349,155.1623,189.75,196.63,231.01,218.42,45.56,44.38
2024-08-02,44.27,42.21,45.76,45.41,167.6386,154.0123,173.95,185.0,218.43,206.81,44.36,43.14
2024-08-05,42.95,41.13,44.86,44.36,163.7278,150.7334,169.12,170.78,213.31,203.16,42.83,41.61
2024-08-06,43.5,41.72,45.21,44.46,165.2748,151.7979,175.0,173.75,217.46,205.0,42.41,41.3
2024-08-07,43.92,41.94,45.44,44.9,160.2301,147.1029,172.65,173.75,211.47,199.29,41.77,40.35
2024-08-08,45.07,42.67,45.09,44.35,162.7476,149.5359,182.87,173.75,224.91,213.04,49.4,47.7
2024-08-09,44.53,42.06,44.95,44.47,163.1224,149.5454,186.44,186.46,224.85,211.78,51.92,49.96
2024-08-12,44.35,41.78,44.55,43.96,161.3735,148.2054,183.53,186.46,226.96,213.0,51.04,49.08
2024-08-13,44.23,41.62,45.01,44.39,163.7085,150.4578,187.3,186.46,236.19,221.65,53.41,51.44
2024-08-14,44.44,41.68,44.87,44.51,162.5074,149.0132,188.15,186.46,236.39,221.09,53.62,51.84
2024-08-15,45.03,42.28,45.3,44.99,163.9391,150.4293,191.8,186.46,246.37,231.72,53.33,51.5
2024-08-16,44.82,41.9,45.56,45.18,165.0442,151.6933,190.25,186.46,246.71,231.23,53.6,51.74
2024-08-19,45.86,43.12,45.37,44.89,168.6091,154.7916,191.0,186.46,251.34,235.16,55.6,53.64
2024-08-20,45.76,42.66,44.86,44.53,167.1966,153.8412,186.11,186.46,248.06,232.05,54.61,52.71
2024-08-21,46.11,43.32,45.55,45.16,172.0491,157.8044,188.86,186.46,250.63,235.34,54.75,53.11
2024-08-22,45.94,43.29,45.49,45.1,171.7513,157.2057,187.95,186.46,242.42,227.3,53.57,51.82
2024-08-23,46.24,43.74,45.69,45.33,177.7857,163.2597,193.68,186.46,248.39,233.39,56.35,54.53
2024-08-26,45.52,42.96,45.84,45.38,176.4693,161.3779,192.62,195.46,242.57,227.53,57.53,55.78
2024-08-27,45.69,43.11,45.42,45.1,175.2297,159.9523,192.96,195.46,245.01,230.05,57.32,55.46
2024-08-28,46.19,43.97,45.27,44.85,174.1727,158.8023,191.64,195.46,240.89,225.9,56.36,54.52
2024-08-29,45.92,43.68,45.78,45.44,173.4521,158.7168,194.38,195.46,237.91,225.25,55.87,53.98
2024-08-30,45.6,42.88,45.75,45.59,174.9415,160.456,197.4,195.46,243.46,231.14,55.3,53.43
2024-09-03,45.11,41.8,45.72,45.85,171.4053,156.3598,186.95,195.46,225.19,213.5,54.01,52.24
2024-09-04,44.82,41.85,45.21,45.23,171.3381,156.3978,187.7,195.46,224.65,214.2,53.84,52.07
2024-09-05,44.25,41.14,45.11,45.22,170.8768,155.552,186.34,186.52,224.26,213.05,53.61,51.97
2024-09-06,43.68,40.54,44.89,45.14,172.4047,156.6734,183.33,186.52,215.0,203.93,53.32,51.53
2024-09-09,43.65,40.65,45.71,46.34,173.1542,156.854,186.81,186.52,219.86,207.96,54.08,52.47
2024-09-10,43.83,41.0,45.3,45.58,173.183,157.2912,184.88,186.52,221.94,210.15,56.18,54.34
2024-09-11,43.28,40.41,45.22,45.57,171.2228,155.4854,187.75,186.52,233.4,219.91,55.96,54.17
2024-09-12,43.05,40.15,45.48,46.09,174.288,158.0515,192.8,186.52,233.9,218.94,56.64,54.88
2024-09-13,43.64,40.84,45.78,46.46,178.6409,162.1287,196.88,186.52,236.91,222.85,59.74,57.84
2024-09-16,43.6,40.85,46.02,46.62,179.8901,163.4783,194.98,186.52,233.8,219.88,62.59,60.63
2024-09-17,43.74,40.92,46.33,47.04,181.956,164.6093,195.79,186.52,233.72,220.15,62.81,60.88
2024-09-18,43.94,41.06,46.9,47.69,181.0624,164.0295,199.01,186.52,231.06,217.72,65.11,63.2
2024-09-19,44.2,41.64,46.88,47.76,184.9252,167.8882,204.21,186.52,241.09,226.99,67.84,65.79
2024-09-20,43.52,41.25,45.17,46.37,175.0664,158.6503,202.99,203.0,237.9,223.67,67.09,65.05
2024-09-23,43.2,40.91,46.05,47.04,178.5352,161.9767,201.9,205.65,238.95,224.54,65.52,63.64
2024-09-24,42.71,40.4,45.75,46.9,177.0266,161.492,200.42,205.65,243.4,227.26,67.26,65.17
2024-09-25,42.46,40.19,45.0,46.0,174.7493,159.306,199.34,198.29,245.54,228.27,66.32,64.33
2024-09-26,42.5,40.26,46.41,47.57,175.8927,159.2965,199.28,198.29,252.62,236.43,65.53,63.53
2024-09-27,42.65,40.32,47.37,48.34,179.7171,163.6019,200.8,198.29,247.74,232.68,65.48,63.48
2024-09-30,42.15,39.8,48.08,49.2,180.1495,164.3622,202.02,198.29,245.45,230.59,63.85,61.93
2024-10-01,41.78,39.49,47.7,48.74,180.9375,165.037,201.22,198.23,238.88,224.13,64.65,62.71
2024-10-02,42.19,39.42,46.97,48.33,179.794,164.2101,202.54,198.23,242.32,227.15,63.56,61.64
2024-10-03,42.17,39.56,45.83,47.6,179.5922,163.6589,197.0,198.23,244.55,227.96,63.77,61.74
2024-10-04,42.04,39.49,45.92,47.36,175.124,159.7622,198.99,198.87,247.82,231.08,62.78,61.0
2024-10-07,41.64,39.18,45.72,47.09,174.855,159.6482,199.13,198.87,248.22,230.45,60.76,58.89
2024-10-08,41.96,39.49,45.51,46.6,174.1247,158.023,199.07,198.87,252.52,232.72,62.26,60.35
2024-10-09,41.93,39.53,45.28,46.42,173.3944,158.2986,199.75,198.68,255.15,235.15,60.42,58.69
2024-10-10,41.57,39.1,46.33,47.44,171.2324,156.0652,194.87,198.68,254.65,233.5,60.6,58.83
2024-10-11,41.69,39.42,47.28,48.29,171.2228,156.3693,201.2,198.68,256.69,235.46,62.75,60.82
2024-10-14,42.16,39.81,47.63,48.69,174.4994,159.3916,199.71,198.68,261.28,239.8,62.78,60.82
2024-10-15,43.14,40.59,47.63,48.73,177.8049,162.5944,196.32,198.38,247.16,227.36,63.38,61.46
2024-10-16,43.38,40.66,48.33,49.42,181.0432,166.1204,198.33,198.38,247.32,227.36,63.59,61.68
2024-10-17,43.97,41.07,48.55,49.54,178.2469,163.7824,196.03,198.38,251.58,229.15,62.63,60.64
2024-10-18,42.89,40.02,47.93,48.97,181.5428,167.2229,197.7,198.38,251.51,229.36,63.71,61.67
2024-10-21,42.85,40.07,47.4,48.36,173.5674,159.9523,194.82,206.0,252.84,228.93,62.94,60.85
2024-10-22,43.11,40.33,47.9,48.72,166.7834,153.9458,190.83,206.0,251.69,228.08,60.67,58.66
2024-10-23,43.56,40.8,47.8,48.79,165.8225,154.0123,191.04,206.0,249.01,226.04,59.56,57.54
2024-10-24,43.03,40.39,48.17,48.98,169.0031,156.0367,191.74,206.0,250.06,227.3,59.79,57.75
2024-10-25,42.67,40.05,47.44,48.37,166.5048,153.8317,191.98,191.02,252.96,229.58,59.65,57.59
2024-10-28,42.77,40.2,47.5,48.35,167.2831,155.647,193.37,191.02,251.21,229.72,59.79,57.73
2024-10-29,42.36,39.64,46.25,46.73,163.4491,152.159,194.81,191.02,256.92,235.37,58.32,56.48
2024-10-30,42.73,40.06,45.11,45.44,164.7943,153.4136,194.74,191.02,250.68,227.07,59.68,57.73
2024-10-31,42.06,39.51,43.58,44.03,163.6413,152.3681,188.6,191.02,241.68,218.26,60.09,58.05
2024-11-01,42.67,40.21,42.89,43.59,163.0263,152.1495,193.74,191.02,244.75,220.58,59.8,57.67
2024-11-04,42.96,40.64,42.97,43.79,165.8802,155.2859,195.9,191.02,244.27,219.31,60.61,58.5
2024-11-05,43.15,40.76,43.3,43.74,170.3484,159.0684,200.58,191.02,248.31,221.87,62.8,60.61
2024-11-06,44.21,41.69,40.87,41.65,162.1038,149.9731,226.58,207.1,254.81,228.34,58.68,56.08
2024-11-07,43.02,40.71,40.87,41.69,164.7079,154.0503,222.48,207.1,261.02,233.1,72.63,70.09
2024-11-08,42.89,40.64,39.89,40.77,165.8321,155.4854,223.68,207.1,259.34,231.36,73.89,71.26
2024-11-11,43.28,41.37,40.07,40.98,165.5631,156.4929,225.56,207.1,253.53,225.57,75.79,73.2
2024-11-12,42.67,40.6,39.9,40.66,159.6824,149.4694,222.67,207.1,251.86,223.11,74.35,71.99
2024-11-13,42.29,40.31,39.68,40.53,159.8265,149.8971,221.21,222.0,247.63,218.37,74.67,72.22
2024-11-14,42.98,40.98,40.18,41.0,163.1608,152.3871,217.57,215.62,248.18,218.24,74.31,72.0
2024-11-15,42.13,40.07,39.97,40.8,162.248,151.6173,214.58,215.62,239.95,211.21,73.04,70.73
2024-11-18,41.97,40.09,39.86,40.41,161.3543,151.0946,217.92,215.62,241.54,213.94,73.32,70.84
2024-11-19,42.23,40.33,39.38,40.22,162.1519,151.4272,218.19,215.62,244.18,214.35,75.25,72.55
2024-11-20,41.24,39.3,39.76,40.3,161.6522,150.971,217.08,214.95,242.54,212.71,77.88,75.0
2024-11-21,41.37,39.61,40.15,40.69,161.4985,151.2752,220.32,214.95,246.1,216.08,82.15,79.26
2024-11-22,41.97,40.19,41.03,41.37,162.5555,152.5297,222.56,214.95,244.62,216.17,83.77,80.79
2024-11-25,42.07,40.25,41.91,42.57,171.6744,159.9143,224.02,214.95,243.66,218.28,84.34,81.38
2024-11-26,41.79,40.08,40.87,41.37,166.6201,155.5044,223.87,214.95,241.42,215.45,84.85,81.87
2024-11-27,41.95,40.14,41.1,41.7,167.2927,156.2172,219.98,214.95,238.25,212.56,85.45,82.33
2024-11-29,42.09,40.35,41.36,42.08,167.5714,156.6544,221.27,214.95,242.13,215.4,84.71,81.53
2024-12-02,42.34,40.54,41.61,42.18,166.6873,155.4854,221.88,219.62,247.87,221.06,83.7,80.64
2024-12-03,42.12,40.38,40.89,41.39,166.793,156.2268,218.08,219.62,248.42,219.81,83.97,80.89
2024-12-04,41.59,40.0,40.4,41.0,160.8451,150.7524,218.79,219.62,252.63,222.72,82.49,79.31
2024-12-05,42.2,40.52,45.11,45.38,158.5389,148.5855,215.72,215.91,248.3,218.51,81.3,78.26
2024-12-06,42.45,40.96,43.97,44.41,157.0591,147.2075,214.76,215.91,248.61,219.83,82.22,79.28
2024-12-09,41.78,40.17,44.97,45.22,159.519,150.0777,210.16,215.91,246.07,218.77,82.04,78.93
2024-12-10,41.42,39.78,44.73,45.18,155.3487,147.35,209.74,215.91,239.88,213.57,82.02,78.79
2024-12-11,41.87,40.25,44.22,44.98,151.9759,144.3848,210.71,210.74,245.75,218.94,81.87,78.77
2024-12-12,41.95,40.25,44.58,44.96,149.3911,141.8852,205.14,210.74,243.37,217.24,80.33,77.4
2024-12-13,41.12,39.39,44.5,44.98,148.3534,140.3171,202.73,210.74,249.49,223.3,79.93,76.84
2024-12-16,41.52,39.75,43.18,43.7,145.9799,138.1596,203.26,210.74,253.25,227.44,81.64,78.46
2024-12-17,41.42,39.82,42.01,42.74,145.5475,138.2262,198.44,210.74,249.96,223.87,80.77,77.56
2024-12-18,40.27,38.62,40.64,41.28,140.2241,132.4382,188.27,210.74,241.99,215.59,75.47,72.41
2024-12-19,40.07,38.17,40.63,41.36,132.9886,127.1825,191.36,210.74,238.87,211.97,74.69,71.64
2024-12-20,40.52,38.2,40.44,41.28,132.6811,126.9259,191.82,210.74,242.71,214.82,77.09,73.77
2024-12-23,40.47,38.27,39.58,40.16,132.6042,127.173,193.57,189.87,249.22,221.32,76.69,73.38
2024-12-24,40.61,38.21,39.17,39.88,132.6042,127.5152,197.35,189.87,251.37,223.6,77.21,73.8
2024-12-26,40.57,38.03,38.99,39.49,133.2192,127.8573,198.48,189.87,250.93,223.53,76.99,73.66
2024-12-27,40.27,37.73,38.2,38.82,131.8259,126.6598,196.19,189.87,248.4,221.64,76.18,72.74
2024-12-30,40.3,37.82,37.56,37.72,130.8746,125.4908,195.75,189.87,244.66,217.28,74.61,71.3
2024-12-31,40.8,38.26,37.69,37.98,131.0379,125.5954,196.84,195.01,242.17,215.49,74.05,70.85
2025-01-02,40.41,37.69,36.81,37.18,129.1161,124.0082,197.92,195.22,244.79,216.82,73.14,70.08
2025-01-03,40.4,37.71,35.94,36.25,130.5671,125.3483,200.94,200.6,251.88,222.47,74.64,71.4
2025-01-06,40.11,37.35,36.39,36.84,129.7792,124.4169,200.26,200.6,260.23,228.91,75.46,72.15
2025-01-07,39.92,37.03,35.83,36.23,127.9342,123.0958,200.33,199.39,254.04,225.79,72.72,69.67
2025-01-08,39.76,36.62,35.47,35.99,128.3186,122.1454,202.77,199.39,252.23,223.54,71.07,68.26
2025-01-10,39.17,36.1,33.67,33.86,124.4942,118.1632,199.63,199.39,247.18,218.2,71.23,68.38
2025-01-13,39.5,36.55,34.3,34.47,126.4352,119.3417,200.91,200.0,244.64,217.53,70.83,68.11
2025-01-14,39.36,36.29,34.29,34.44,129.8945,122.459,204.79,202.04,245.44,218.96,71.84,68.92
2025-01-15,39.85,37.1,33.47,33.69,133.1519,125.6999,205.71,202.04,251.21,223.21,75.32,72.36
2025-01-16,39.95,37.36,33.85,34.08,135.189,128.1424,206.13,205.34,252.29,223.54,76.52,73.55
2025-01-17,40.28,37.58,33.99,34.29,136.0058,128.7982,208.57,205.34,258.25,229.74,77.86,74.83
2025-01-21,40.62,38.07,33.59,33.8,133.14,126.07,212.07,213.68,262.39,232.45,78.08,75.02
2025-01-22,40.7,37.87,32.88,33.03,136.13,129.18,210.75,213.68,267.17,235.81,79.09,76.03
2025-01-23,41.21,38.12,32.99,33.15,134.51,128.24,209.87,213.68,266.85,235.37,79.91,76.77
2025-01-24,41.16,37.91,33.46,33.92,132.36,126.35,194.71,197.56,261.53,230.64,80.0,76.83
2025-01-27,41.94,38.15,34.22,34.49,137.82,131.13,177.03,178.27,235.81,212.55,81.26,78.4
2025-01-28,42.05,38.32,32.95,33.06,136.03,129.24,181.22,178.27,240.45,213.5,84.16,81.25
2025-01-29,41.79,38.0,32.85,32.62,132.23,125.56,185.49,178.27,239.53,214.38,82.7,79.76
2025-01-30,42.93,38.7,33.49,33.2,135.26,129.46,187.57,178.27,245.17,218.74,83.92,80.93
2025-01-31,42.69,38.75,33.32,33.01,131.24,125.79,181.66,178.27,243.62,218.13,82.22,79.2
2025-02-03,43.91,39.91,32.06,31.91,126.19,122.07,181.1,178.27,238.78,214.2,82.26,79.37
2025-02-04,44.53,40.61,31.87,31.68,128.29,123.19,184.82,178.27,241.47,216.4,84.45,81.67
2025-02-05,44.14,40.26,31.19,31.1,127.49,121.95,193.33,178.27,247.14,220.59,85.9,83.1
2025-02-06,43.81,39.93,31.42,31.26,127.25,120.78,193.35,178.27,248.35,220.3,87.0,84.07
2025-02-07,43.59,39.64,31.12,30.84,121.94,117.71,189.68,192.26,245.0,216.87,87.32,84.46
2025-02-10,43.82,39.94,31.5,31.17,122.69,118.37,190.0,192.26,249.62,219.7,87.97,85.29
2025-02-11,43.56,39.62,31.67,31.36,124.92,120.53,191.74,191.0,249.87,219.9,86.32,83.84
2025-02-12,43.34,39.59,30.9,30.65,121.6,118.55,188.01,191.0,248.51,220.14,78.21,74.87
2025-02-13,43.91,40.23,31.62,31.36,123.75,120.28,188.65,191.0,251.92,222.84,78.71,75.4
2025-02-14,43.81,39.96,31.46,31.15,123.84,120.29,181.69,182.18,252.58,223.07,79.97,76.89
2025-02-18,43.93,40.07,31.37,30.92,122.5,118.5,182.86,181.86,256.22,226.76,80.58,77.3
2025-02-19,44.12,40.23,31.34,31.0,120.94,116.92,183.48,181.86,257.34,230.53,79.83,76.65
2025-02-20,44.11,40.31,31.32,30.98,122.69,118.5,179.7,181.86,257.8,231.07,78.34,75.45
2025-02-21,43.38,39.6,32.28,32.06,120.57,116.09,172.14,172.71,249.99,223.98,74.91,72.04
2025-02-24,43.38,39.57,32.83,32.82,119.81,115.7,167.75,168.2,243.42,218.72,75.15,72.65
2025-02-25,42.82,39.02,33.05,33.23,124.32,119.9,168.16,168.34,238.25,214.21,77.34,74.72
2025-02-26,43.15,39.31,33.08,32.96,121.52,117.13,169.67,168.34,243.82,217.94,78.33,75.7
2025-02-27,43.23,39.47,33.18,33.07,120.37,115.63,167.59,166.54,228.79,205.25,76.32,73.86
2025-02-28,44.13,40.37,33.03,33.11,119.63,115.7,170.49,166.54,232.77,208.52,76.66,74.39
2025-03-03,43.91,40.12,33.04,33.04,117.93,113.89,166.76,172.44,223.01,201.15,74.28,72.04
2025-03-04,43.52,39.81,32.54,32.69,118.75,114.63,162.33,172.44,225.23,202.27,74.43,72.79
2025-03-05,43.88,40.16,35.86,35.99,122.03,117.56,165.8,165.82,229.4,206.63,76.91,75.15
2025-03-06,43.65,39.87,35.73,35.78,126.14,121.12,166.29,165.82,219.78,198.04,74.07,72.18
2025-03-07,43.57,39.94,36.59,36.93,125.19,119.85,170.0,165.82,225.09,203.85,75.56,73.85
2025-03-10,42.87,39.48,37.28,37.96,125.22,119.35,170.43,167.92,214.53,194.42,72.26,70.17
2025-03-11,42.51,39.15,35.79,36.03,121.44,116.25,173.06,172.17,214.22,192.12,70.17,68.42
2025-03-12,42.13,38.57,34.06,34.2,118.93,113.36,173.26,172.17,220.52,196.08,71.68,69.91
2025-03-13,42.07,38.54,34.45,34.75,116.33,110.47,172.0,171.18,219.55,195.1,68.37,66.41
2025-03-14,42.05,38.48,34.47,34.79,118.1,111.79,176.94,176.72,226.57,201.12,70.58,68.5
2025-03-17,42.41,38.98,35.24,35.77,118.96,112.96,176.39,176.72,228.96,204.44,70.94,68.9
2025-03-18,42.85,39.27,34.85,35.29,118.5,112.45,175.54,176.72,225.42,201.47,69.59,67.81
2025-03-19,43.45,39.95,34.35,34.86,120.3,114.33,176.68,177.8,227.41,203.11,70.57,68.85
2025-03-20,43.24,39.85,34.26,34.92,120.07,113.1,175.17,177.8,227.05,201.49,70.94,69.27
2025-03-21,42.71,39.38,34.06,34.65,115.22,109.23,175.17,177.8,224.77,199.38,71.25,69.78
2025-03-24,43.35,39.58,33.26,33.84,117.56,111.72,181.14,177.8,230.63,205.3,73.65,72.3
2025-03-25,43.31,39.69,33.16,33.7,117.74,112.22,181.31,180.35,229.65,204.19,73.56,72.07
2025-03-26,44.09,40.12,33.56,34.18,117.87,112.15,178.19,180.35,222.01,198.47,71.52,70.08
2025-03-27,44.95,40.71,33.88,34.49,117.98,112.15,175.0,180.35,217.75,194.56,70.35,68.8
2025-03-28,44.06,40.05,33.69,34.42,113.93,108.33,171.75,171.26,212.17,188.68,68.74,67.2
2025-03-31,43.87,40.01,33.47,33.94,114.78,109.07,173.35,171.26,211.47,188.17,68.56,66.86
2025-04-01,43.69,39.83,33.02,33.5,114.51,108.37,175.54,171.26,212.49,188.27,69.77,68.07
2025-04-02,44.41,40.32,33.9,34.51,115.66,109.66,175.79,171.26,214.09,189.48,71.29,69.75
2025-04-03,43.32,39.29,32.41,32.91,108.4,102.4,161.98,162.3,195.57,170.36,68.51,66.86
2025-04-04,41.28,37.25,31.75,32.02,111.03,105.38,153.39,153.27,180.8,157.63,66.54,65.32
2025-04-07,40.12,36.53,32.05,32.76,107.08,101.54,153.96,153.27,184.9,161.27,64.08,62.97
2025-04-08,39.85,36.12,31.31,31.46,102.96,97.81,150.9,153.27,179.95,154.86,60.89,59.74
2025-04-09,42.51,38.08,33.7,34.12,108.66,103.84,169.67,153.27,210.83,183.62,66.06,64.96
2025-04-10,42.27,37.78,33.12,33.64,104.49,98.87,159.91,153.27,196.21,168.61,61.81,60.84
2025-04-11,42.13,37.93,33.96,34.31,105.24,100.32,164.22,153.27,201.31,172.26,61.16,60.28
2025-04-14,42.07,37.84,34.2,34.45,106.07,100.9,165.08,167.01,201.61,173.4,62.63,61.72
2025-04-15,42.1,38.09,33.24,33.44,105.08,100.26,164.71,167.01,202.92,174.11,64.09,63.06
2025-04-16,41.96,37.85,32.77,33.02,102.76,98.33,163.32,160.42,194.35,167.39,62.47,61.42
2025-04-17,42.56,38.69,33.6,33.79,104.73,99.63,164.66,166.81,192.53,166.55,62.57,61.49
2025-04-21,42.56,38.21,33.92,34.19,103.71,98.45,159.89,166.81,187.83,163.64,60.29,59.44
2025-04-22,42.78,38.69,34.55,34.71,107.92,102.12,162.8,166.81,191.9,166.82,62.73,61.78
2025-04-23,42.88,38.91,34.47,34.58,107.57,102.01,166.42,166.81,198.91,173.07,64.28,63.2
2025-04-24,43.3,39.3,34.47,34.61,109.22,103.37,168.88,169.45,208.97,183.03,65.83,64.82
2025-04-25,43.29,39.25,33.82,33.96,107.63,101.41,168.52,169.45,211.97,184.81,66.27,65.19
2025-04-28,43.5,39.53,33.93,34.11,108.15,102.18,164.72,169.45,210.65,184.48,65.93,64.85
2025-04-29,44.03,39.96,34.15,34.34,107.58,101.6,166.21,169.2,210.29,182.51,67.2,66.15
2025-04-30,43.45,39.86,34.61,34.84,108.61,103.37,167.25,169.2,211.28,183.84,67.33,65.98
2025-05-01,43.3,39.81,34.32,34.16,108.19,102.64,169.55,169.2,212.3,183.59,67.33,66.14
2025-05-02,43.61,40.28,34.32,34.5,110.2,104.44,176.91,169.2,219.03,190.03,68.88,67.63
2025-05-05,43.43,39.94,34.27,34.4,109.21,103.1,177.51,169.2,217.61,188.57,68.13,66.98
2025-05-06,43.74,40.01,34.27,34.4,106.2,101.25,177.09,169.2,215.59,186.77,67.19,66.06
2025-05-07,43.74,40.38,34.46,34.46,107.81,103.08,177.13,169.2,220.02,190.04,67.88,66.44
2025-05-08,43.81,40.51,34.82,34.77,109.57,104.0,181.21,169.2,221.95,191.74,67.9,66.75
2025-05-09,43.49,40.5,34.43,34.66,108.64,103.31,179.24,169.2,223.4,193.94,67.93,66.78
2025-05-12,44.15,40.96,35.11,35.28,112.55,107.33,184.35,169.2,237.41,207.87,71.21,70.08
2025-05-13,44.33,41.38,34.68,34.94,112.37,107.71,185.18,169.2,245.56,213.76,70.29,69.24
2025-05-14,44.32,41.08,34.56,34.83,108.37,104.39,182.25,169.2,247.99,214.79,68.26,67.25
2025-05-15,44.83,41.43,35.38,35.58,110.11,106.52,184.0,169.2,247.13,213.41,68.27,67.22
2025-05-16,44.66,41.32,35.87,36.09,111.86,108.5,184.14,169.2,246.42,213.13,69.81,68.76
2025-05-19,44.56,41.25,35.41,35.65,111.17,107.24,188.83,169.2,246.01,211.85,67.79,66.84
2025-05-20,44.54,41.31,35.29,35.38,109.44,104.97,187.12,169.2,245.54,211.54,67.18,66.33
2025-05-21,43.8,40.76,34.47,34.71,105.63,101.33,182.38,169.2,241.47,207.67,65.25,64.42
2025-05-22,43.89,40.78,34.08,34.23,105.29,100.67,180.69,169.2,240.81,205.75,65.03,64.26
2025-05-23,43.51,40.38,33.85,33.94,105.18,100.81,180.14,169.2,237.44,202.56,66.03,65.27
2025-05-27,43.97,40.79,34.34,34.56,108.09,103.69,186.66,181.23,244.97,209.29,67.01,65.91
2025-05-28,43.36,40.5,33.68,33.86,105.25,100.71,183.17,181.23,242.36,208.24,67.23,66.22
2025-05-29,43.54,40.59,33.97,34.09,106.07,101.67,185.08,181.23,244.08,209.09,66.47,65.54
2025-05-30,43.45,40.61,33.23,33.34,106.08,101.3,185.31,183.96,239.75,204.94,67.11,66.17
2025-06-02,43.68,40.86,32.97,33.2,105.02,100.3,181.73,183.96,243.3,208.03,68.36,67.35
2025-06-03,43.5,40.39,33.12,33.21,106.65,102.0,183.79,183.96,248.79,213.62,69.11,68.0
2025-06-04,43.27,40.38,33.13,33.2,110.23,106.04,184.04,183.96,251.75,216.8,70.21,69.15
2025-06-05,43.19,40.26,27.41,27.25,110.06,105.3,185.17,183.96,251.3,215.89,69.8,68.89
2025-06-06,43.7,40.87,28.11,28.11,108.53,104.31,185.69,183.96,252.73,217.34,70.29,69.41
2025-06-09,44.13,41.39,27.85,27.66,110.37,105.84,185.1,183.96,256.96,222.46,70.28,69.41
2025-06-10,45.18,42.79,28.03,27.77,113.55,108.87,181.03,183.96,262.07,227.32,71.51,70.39
2025-06-11,45.94,43.7,27.81,27.5,111.5,106.91,178.57,183.96,261.88,226.56,71.12,70.05
2025-06-12,45.47,43.16,27.6,27.29,112.15,107.64,180.5,183.96,263.15,226.87,71.77,70.64
2025-06-13,45.24,42.51,26.6,26.44,108.61,103.99,181.52,183.96,256.99,220.96,70.37,69.08
2025-06-16,45.56,42.99,26.46,25.92,109.49,104.66,174.34,183.96,263.38,227.44,70.94,69.7
2025-06-17,45.49,42.84,26.28,25.81,104.61,100.8,175.59,183.96,261.59,225.64,67.63,66.35
2025-06-18,46.32,43.68,26.4,25.65,103.41,99.35,174.0,177.98,262.59,226.56,67.53,65.96
2025-06-20,49.07,45.99,26.34,25.68,106.42,101.34,174.39,177.98,260.27,225.11,68.24,66.62
2025-06-23,49.23,46.5,27.03,26.48,110.63,105.55,177.8,177.98,261.92,226.51,69.06,67.48
2025-06-24,49.42,46.8,26.86,26.29,111.69,106.62,177.97,177.98,271.54,235.1,70.22,68.67
2025-06-25,48.67,46.05,26.69,26.06,109.77,104.04,177.35,177.98,275.2,237.21,68.45,67.01
2025-06-26,49.36,46.56,26.78,26.19,109.81,104.35,183.77,177.98,277.2,239.07,69.22,67.68
2025-06-27,49.81,46.78,27.35,26.46,110.21,105.32,180.97,177.98,278.42,238.86,69.74,68.2
2025-06-30,49.21,46.77,27.47,26.91,110.61,105.25,180.97,177.98,278.88,238.7,70.05,68.49
2025-07-01,48.82,46.17,28.27,27.85,115.49,110.3,182.52,177.98,275.84,237.62,71.5,69.44
2025-07-02,49.04,46.37,29.29,28.71,115.31,110.49,182.33,177.98,281.25,242.14,71.0,68.95
2025-07-03,49.55,46.65,28.92,28.27,110.12,105.62,185.16,177.98,283.62,243.34,72.53,70.31
2025-07-07,49.02,46.24,28.15,27.78,109.22,104.03,181.49,177.98,279.76,238.78,72.39,70.43
2025-07-08,48.5,45.8,28.59,28.47,110.42,105.05,181.16,177.98,283.48,243.34,72.62,70.23
2025-07-09,48.48,45.83,28.57,28.32,115.36,110.48,182.62,177.98,285.42,244.12,75.51,72.96
2025-07-10,48.87,46.37,29.26,29.09,116.44,110.79,183.4,184.44,287.52,246.55,78.91,76.17
2025-07-11,49.31,46.6,29.27,29.01,113.96,108.77,185.06,184.44,287.49,246.17,78.01,75.31
2025-07-14,50.04,46.8,28.43,28.22,112.89,107.38,188.94,198.2,285.32,243.83,78.87,76.18
2025-07-15,48.99,45.78,27.86,27.49,107.73,102.58,183.71,197.15,290.8,246.26,76.62,73.87
2025-07-16,49.4,46.23,28.14,27.67,109.43,104.86,186.93,198.93,289.28,245.59,76.95,74.16
2025-07-17,49.72,46.51,29.1,29.04,109.7,104.93,192.91,205.0,291.71,246.53,77.59,74.48
2025-07-18,49.72,46.6,28.94,28.92,109.57,104.66,192.01,205.0,290.31,246.73,77.46,74.4
2025-07-21,49.64,46.36,28.51,28.35,109.43,103.87,190.7,205.0,290.51,246.95,77.76,74.7
2025-07-22,49.96,46.62,30.13,30.19,118.53,113.4,188.15,205.0,285.37,243.54,80.18,77.17
2025-07-23,50.28,46.75,30.96,30.9,117.26,112.67,189.61,205.0,286.61,242.06,80.56,77.51
2025-07-24,49.81,45.88,30.91,31.15,113.51,108.79,185.85,201.7,287.8,241.56,80.4,77.34
2025-07-25,49.33,45.54,30.74,30.96,115.33,110.83,182.56,201.7,287.49,241.54,81.16,78.16
2025-07-28,48.68,45.29,30.2,30.32,116.14,111.75,187.52,188.86,291.41,245.75,81.82,78.85
2025-07-29,47.83,45.06,30.25,30.34,115.86,111.07,195.43,188.86,292.9,246.19,79.84,77.09
2025-07-30,47.94,44.85,29.2,29.38,112.37,107.29,198.68,202.05,296.26,247.95,79.03,76.38
2025-07-31,47.1,44.56,28.64,28.85,112.18,107.18,193.58,202.05,288.78,240.03,79.55,76.75
2025-08-01,46.65,44.54,28.57,28.75,115.98,111.44,191.31,202.05,283.95,237.24,80.2,77.16
2025-08-04,47.22,44.87,29.29,29.65,118.77,113.32,196.09,202.05,290.19,240.4,83.65,80.39
2025-08-05,47.35,45.0,29.93,30.34,120.1,115.13,193.66,194.99,287.1,238.73,82.49,79.25
2025-08-06,47.35,44.89,30.05,30.51,119.35,113.78,194.01,194.99,286.62,236.93,85.17,81.51
2025-08-07,47.34,44.72,30.47,30.99,119.51,114.42,190.68,194.99,291.12,240.84,84.63,81.11
2025-08-08,46.71,43.76,30.41,30.79,120.85,115.85,189.51,194.99,293.53,242.87,80.92,77.51
2025-08-11,47.06,44.14,30.57,30.75,120.53,115.64,187.66,195.0,293.4,242.41,79.4,76.12
2025-08-12,47.02,44.41,30.47,30.53,124.47,119.18,194.29,203.75,300.1,250.16,80.17,77.03
2025-08-13,47.31,44.58,30.63,30.85,130.89,125.76,194.58,203.75,301.28,253.88,84.84,81.27
2025-08-14,46.38,43.87,30.25,30.18,130.45,123.32,190.83,203.75,301.92,254.14,85.27,81.53
2025-08-15,46.48,43.93,30.25,30.43,131.95,125.49,190.45,203.75,295.65,248.32,85.11,81.36
2025-08-18,46.28,43.77,30.69,30.5,131.43,125.82,192.14,203.75,296.86,249.05,84.5,80.8
2025-08-19,46.55,43.88,30.72,30.58,134.25,128.38,191.26,203.75,290.87,245.15,83.5,80.01
2025-08-20,46.09,43.33,30.41,30.43,130.32,124.37,191.2,195.25,288.96,243.74,81.1,77.58
2025-08-21,46.56,43.81,30.63,30.46,129.14,123.0,192.69,195.25,287.46,242.36,81.4,77.89
2025-08-22,47.63,44.99,31.35,31.26,135.75,129.9,197.56,195.25,293.64,249.09,87.44,83.92
2025-08-25,47.3,44.53,31.2,31.04,134.8,129.0,197.22,200.0,293.92,248.51,86.94,83.8
2025-08-26,47.32,44.69,29.99,29.85,133.27,127.47,199.11,200.0,296.75,250.85,85.68,82.9
2025-08-27,47.29,44.85,30.78,30.45,133.33,127.6,198.15,200.0,297.66,251.34,84.19,81.61
2025-08-28,47.43,44.94,29.32,28.97,133.13,127.1,198.64,200.0,298.88,252.55,85.3,82.48
2025-08-29,47.51,44.98,30.35,29.94,133.14,127.18,195.85,200.0,290.29,245.32,84.31,81.48
2025-09-02,46.53,43.66,29.58,29.14,132.68,126.85,196.05,200.0,286.48,242.83,81.81,78.99
2025-09-03,46.1,43.25,28.52,28.2,134.08,128.15,192.73,200.0,286.43,241.68,83.5,80.81
2025-09-04,46.29,42.96,28.49,28.2,138.07,132.06,196.46,200.0,289.86,244.17,83.7,80.91
2025-09-05,45.58,42.36,29.16,28.91,141.88,136.14,194.9,200.0,293.28,247.05,87.89,84.78
2025-09-08,46.55,42.37,28.09,27.59,142.4,136.52,194.25,200.0,296.52,248.85,89.9,86.53
2025-09-09,45.56,42.01,27.96,27.46,137.45,131.04,191.66,200.0,297.81,249.06,87.19,83.85
2025-09-10,45.33,41.8,27.87,27.27,136.58,130.42,196.87,200.0,300.83,253.45,85.71,82.51
2025-09-11,46.12,42.4,28.05,27.44,140.09,134.42,201.43,200.0,303.93,255.19,89.27,85.75
2025-09-12,45.62,42.05,27.96,27.51,137.27,131.1,198.05,200.0,304.32,255.64,87.78,84.34
2025-09-15,45.26,41.57,27.86,27.36,133.77,127.93,197.08,200.0,307.17,257.8,87.12,83.7
2025-09-16,45.25,41.52,27.75,27.32,133.81,127.52,198.87,200.0,307.21,258.58,88.55,85.1
2025-09-17,45.34,41.63,27.92,27.43,132.97,126.73,195.78,196.38,305.25,258.53,90.32,86.76
2025-09-18,45.44,41.73,27.96,27.48,132.87,126.06,199.74,196.38,316.97,267.57,89.98,86.44
2025-09-19,45.61,41.22,26.87,27.48,127.32,121.26,196.38,196.38,315.71,265.86,86.74,83.69
2025-09-22,45.79,41.36,26.66,26.87,121.91,115.34,200.11,196.38,322.17,269.83,81.04,78.18
2025-09-23,45.65,41.33,26.72,27.03,123.25,117.23,201.34,196.38,321.7,269.51,79.23,76.47
2025-09-24,45.41,41.12,27.14,27.64,125.69,119.21,201.69,201.71,321.11,269.1,79.0,76.49
2025-09-25,45.51,41.06,26.52,26.74,124.02,117.66,205.42,206.0,321.06,268.24,77.75,75.47
2025-09-26,45.3,41.01,26.74,27.1,126.04,119.74,204.64,206.0,321.82,268.83,79.48,77.16
2025-09-29,45.66,41.38,26.78,27.07,127.68,121.06,201.39,206.0,322.66,268.93,80.54,77.95
2025-09-30,45.47,41.59,26.91,27.08,126.04,119.99,207.67,206.0,326.36,271.12,77.05,74.44
2025-10-01,45.14,41.0,27.3,27.55,128.21,121.97,207.93,206.0,333.69,276.34,73.48,71.18
2025-10-02,45.2,41.02,27.53,27.68,128.33,122.85,206.86,206.0,338.24,281.69,74.85,72.46
2025-10-03,44.86,41.05,27.77,27.97,130.07,123.74,208.27,206.0,336.68,279.96,76.79,74.39
2025-10-06,44.46,41.08,27.36,27.54,126.39,119.92,211.15,206.0,343.38,288.36,74.0,71.53
2025-10-07,43.9,40.79,27.54,27.85,122.14,115.35,208.52,208.78,337.05,281.91,72.73,70.08
2025-10-08,43.53,40.54,27.44,27.81,120.12,113.67,213.3,208.78,346.07,291.54,71.46,68.89
2025-10-09,43.47,40.61,27.33,27.38,117.91,111.3,210.99,208.78,345.21,290.19,70.82,68.19
2025-10-10,43.09,40.19,26.49,26.7,118.77,111.43,204.11,208.78,325.34,271.99,69.69,66.92
2025-10-13,43.37,40.27,26.78,26.93,118.02,111.02,206.41,208.78,339.75,284.87,69.76,66.97
2025-10-14,43.43,40.22,27.34,27.53,122.23,114.78,206.11,208.78,333.5,279.03,72.31,69.51
2025-10-15,43.51,40.04,27.03,27.16,122.44,115.11,207.89,208.78,341.78,287.64,73.2,69.96
2025-10-16,43.0,39.11,28.35,28.28,122.87,114.53,203.35,208.78,343.3,288.98,74.01,70.61
2025-10-17,42.9,39.17,28.52,28.71,125.82,117.33,203.84,208.78,342.83,288.17,72.96,69.82
2025-10-20,42.72,39.14,28.76,28.93,125.85,117.64,206.26,208.78,347.22,292.97,74.66,71.46
2025-10-21,43.2,39.81,28.57,28.7,128.24,120.04,206.06,208.78,345.3,291.33,77.33,73.7
2025-10-22,43.13,39.41,27.69,28.09,127.14,118.54,203.64,208.78,338.6,284.13,77.37,73.99
2025-10-23,42.92,39.59,27.73,28.11,127.34,119.42,210.72,208.78,344.8,291.06,78.04,74.58
2025-10-24,42.64,39.41,27.6,27.95,127.57,119.67,212.0,208.78,351.14,295.86,77.12,74.27
2025-10-27,42.66,39.42,28.15,28.5,128.72,120.56,211.58,208.78,359.94,304.08,76.76,74.14
2025-10-28,42.44,39.03,28.04,28.22,128.22,120.97,210.62,208.78,363.11,304.45,75.72,72.83
2025-10-29,42.72,40.0,26.67,26.79,124.18,117.58,210.26,208.78,368.61,309.6,71.52,68.87
2025-10-30,42.65,39.97,26.61,26.67,124.13,118.71,208.44,208.78,363.73,305.41,71.72,68.75
2025-10-31,43.14,40.72,27.12,27.23,123.77,118.05,204.85,205.0,363.02,306.55,74.98,71.53
2025-11-03,43.3,41.13,27.22,27.53,120.59,114.77,206.42,205.0,366.1,308.38,74.67,71.44
2025-11-04,42.93,40.88,27.14,27.36,121.65,114.74,202.9,205.0,352.76,296.26,73.03,69.92
2025-11-05,42.74,40.15,26.77,27.07,121.18,112.98,200.05,205.0,359.5,305.47,73.03,70.13
2025-11-06,41.92,38.87,26.41,26.53,120.33,113.31,199.93,214.98,351.09,297.5,72.3,69.73
2025-11-07,42.13,38.71,26.61,26.6,121.55,114.45,201.5,214.98,348.12,294.38,73.0,70.81
2025-11-10,42.57,38.92,27.11,27.32,123.21,114.95,204.44,214.98,358.79,302.0,73.05,70.82
2025-11-11,42.81,39.51,27.83,27.82,125.44,117.17,202.93,214.98,351.05,295.15,74.08,71.87
2025-11-12,42.36,39.01,27.32,27.35,124.13,116.45,203.22,214.98,355.53,299.67,72.03,69.98
2025-11-13,42.28,38.55,27.96,28.05,121.24,113.93,200.64,214.98,344.82,289.38,70.37,68.68
2025-11-14,42.58,38.68,27.76,27.87,121.11,113.34,201.42,214.98,344.98,288.52,68.8,67.21
2025-11-17,42.03,38.04,27.44,27.78,114.1,106.83,195.97,214.98,340.3,283.56,68.43,67.1
2025-11-18,42.13,38.05,27.54,27.69,115.97,108.27,195.53,214.98,333.29,276.98,67.32,65.95
2025-11-19,42.13,38.16,27.04,27.25,115.16,107.29,197.43,214.98,339.44,281.61,68.22,66.85
2025-11-20,42.48,38.43,27.56,27.9,116.25,108.14,198.57,214.98,325.1,268.1,67.01,65.71
2025-11-21,42.92,38.86,27.99,28.45,123.16,115.19,214.77,214.98,326.13,270.83,71.17,69.98
2025-11-24,42.21,38.05,28.05,28.55,122.96,114.57,220.81,220.0,339.12,282.7,71.82,70.57
2025-11-25,42.96,38.89,28.31,28.8,131.08,122.1,228.16,220.0,340.01,283.58,74.08,72.24
2025-11-26,43.29,39.34,28.32,28.64,131.28,123.5,227.83,220.0,347.71,291.39,74.44,72.52
2025-11-28,43.57,39.8,28.51,28.98,131.3,123.59,229.68,220.0,352.28,296.74,74.38,72.35
2025-12-01,43.14,39.54,29.19,29.72,130.23,121.63,226.44,220.0,352.96,296.92,73.53,71.58
2025-12-02,42.47,38.88,29.24,29.89,129.73,121.2,228.5,220.0,359.43,302.84,72.09,70.18
2025-12-03,42.52,38.57,29.53,30.09,133.13,125.48,235.0,237.05,364.37,309.36,76.01,73.87
2025-12-04,42.52,38.59,29.56,29.7,126.75,119.1,236.08,240.0,361.6,306.28,75.52,73.37
2025-12-05,42.59,38.64,30.25,30.4,123.91,116.95,237.47,240.0,364.42,309.4,74.04,71.89
2025-12-08,42.2,38.65,29.99,30.15,120.71,114.24,235.3,240.0,368.55,312.76,72.61,70.45
2025-12-09,42.63,38.97,29.57,29.65,117.19,111.68,234.43,240.0,369.0,312.18,74.59,72.35
2025-12-10,42.66,38.97,30.0,30.38,120.03,113.44,239.2,240.0,374.1,316.33,75.53,73.35
2025-12-11,43.55,39.84,30.51,30.88,119.15,112.83,248.86,247.24,370.89,314.52,75.78,73.43
2025-12-12,43.62,39.94,30.27,30.76,119.37,113.12,244.12,247.24,354.12,299.48,74.71,72.38
2025-12-15,43.88,40.28,29.95,30.37,119.73,112.75,246.36,250.18,352.9,298.01,68.38,66.67
2025-12-16,43.71,39.9,30.0,30.41,117.57,110.13,245.56,250.18,351.94,296.2,70.07,68.92
2025-12-17,43.63,40.17,28.54,28.84,112.23,106.19,243.72,250.18,339.24,285.23,68.77,67.54
2025-12-18,43.46,40.07,28.45,28.86,108.33,101.2,244.52,244.82,347.25,292.04,67.51,66.59
2025-12-19,42.78,39.62,28.26,28.5,107.99,98.25,247.63,244.82,356.23,299.81,68.96,67.97
2025-12-22,42.4,39.1,27.76,28.1,106.99,98.08,248.9,244.82,359.7,303.84,68.67,67.96
2025-12-23,42.59,39.25,26.67,26.64,104.74,96.59,251.02,244.82,363.16,304.96,68.73,68.17
2025-12-24,42.65,39.39,26.73,26.89,105.09,97.78,252.65,251.37,364.17,306.14,69.26,68.85
2025-12-26,42.73,39.55,26.14,26.19,104.9,97.4,251.37,251.19,365.86,306.04,69.81,69.59
2025-12-29,42.67,39.51,26.1,26.11,103.92,96.1,249.48,251.19,364.21,305.32,69.86,69.93
2025-12-30,42.61,39.59,26.53,26.33,103.89,96.13,246.22,251.19,363.31,304.92,69.36,69.34
2025-12-31,42.49,39.45,26.31,26.06,102.8,95.12,243.55,248.29,360.13,301.15,68.22,68.23
2026-01-02,42.95,39.86,26.22,26.14,104.22,95.59,249.87,244.0,373.3,313.69,65.92,65.61
2026-01-05,42.66,39.41,26.0,25.81,105.4,97.71,252.67,255.0,377.59,318.06,66.03,65.71
2026-01-06,42.65,39.43,26.25,26.1,106.36,98.03,257.71,255.0,387.62,328.35,66.58,65.88
2026-01-07,42.55,39.4,25.53,25.35,103.93,96.2,259.55,255.0,385.02,324.89,68.17,67.43
2026-01-08,43.3,40.27,25.86,25.69,109.55,100.93,262.98,255.0,378.98,319.58,69.95,68.54
2026-01-09,43.02,40.09,26.13,25.96,119.25,108.24,272.65,267.0,389.22,328.78,68.75,67.16
2026-01-12,43.05,40.15,26.85,26.62,120.9,109.53,276.3,277.17,390.66,330.35,68.17,67.14
2026-01-13,43.0,40.12,26.69,26.35,123.32,111.13,276.61,277.17,391.53,333.3,68.84,67.8
2026-01-14,43.34,40.29,27.37,27.2,121.39,109.73,284.89,285.0,388.35,331.9,67.55,66.79
2026-01-15,43.19,40.13,27.65,27.42,122.25,110.94,293.04,285.0,396.41,337.22,67.89,67.17
2026-01-16,43.27,40.07,26.62,26.4,118.59,107.17,290.8,293.99,400.39,342.47,68.53,67.66
2026-01-20,42.47,39.39,27.47,27.19,115.16,105.36,286.12,296.27,390.39,337.35,65.88,65.06
2026-01-21,42.52,39.16,28.16,28.01,118.0,108.19,297.01,296.68,401.93,348.14,64.92,64.59
2026-01-22,42.75,39.59,28.23,27.93,114.71,106.0,288.46,295.0,402.82,348.67,68.59,67.95
2026-01-23,42.71,39.59,27.86,27.57,111.84,104.43,291.59,295.0,400.09,344.71,68.0,67.34
2026-01-26,42.83,39.36,27.69,27.41,110.58,103.68,288.61,295.0,398.82,343.07,69.56,68.36
2026-01-27,43.21,39.65,27.13,26.77,110.07,102.06,287.64,295.0,407.25,351.08,66.62,65.73
2026-01-28,43.55,39.48,26.75,26.31,110.79,102.42,286.32,295.0,416.63,360.46,65.98,65.0
2026-01-29,43.99,40.03,27.32,26.9,111.23,104.61,288.0,295.0,417.52,361.13,66.16,65.21
2026-01-30,44.02,39.93,27.83,27.37,109.35,101.26,305.35,295.0,403.46,346.3,63.03,62.24
2026-02-02,44.28,40.1,27.58,27.12,108.8,101.51,315.91,295.0,407.97,352.69,62.52,61.75
2026-02-03,43.79,39.59,28.61,28.15,112.53,103.74,324.02,321.73,397.68,345.64,58.94,58.7
2026-02-04,44.06,39.76,29.73,29.29,115.27,107.5,322.03,329.8,382.02,330.38,56.54,56.66
2026-02-05,43.75,39.32,29.42,28.97,115.37,106.46,325.83,324.59,381.07,330.83,54.01,53.72
2026-02-06,43.42,39.13,29.83,29.45,114.02,106.67,324.2,332.11,401.65,348.51,54.97,54.5
2026-02-09,44.0,39.7,29.97,29.48,114.08,106.4,325.08,325.36,406.65,352.77,54.28,53.94
2026-02-10,45.57,41.15,30.32,29.91,119.4,111.0,323.07,325.36,404.76,351.43,54.71,54.42
2026-02-11,45.52,41.13,30.58,30.28,120.99,112.13,321.68,325.36,414.78,360.2,45.66,45.1
2026-02-12,45.77,41.46,30.84,30.67,120.83,111.82,323.11,325.36,406.11,351.5,43.82,43.7
2026-02-13,47.65,43.18,30.22,29.95,122.28,114.25,324.63,326.32,407.72,354.66,43.45,43.3
2026-02-17,47.86,43.3,29.45,29.26,121.44,113.99,325.19,326.32,407.51,354.1,43.97,43.99
2026-02-18,47.94,43.44,29.82,29.42,121.26,113.45,327.03,326.32,412.55,357.92,44.98,44.92
2026-02-19,47.19,42.89,29.92,29.42,116.12,108.64,338.79,326.32,410.2,355.84,45.55,45.54
2026-02-20,47.78,43.13,30.34,29.99,116.46,108.62,345.08,344.0,415.03,359.43,45.46,45.42
2026-02-23,46.84,42.77,30.7,30.2,116.2,107.73,344.75,344.0,412.88,356.82,42.83,42.81
2026-02-24,47.45,43.13,30.87,30.42,116.4,108.34,349.6,344.41,419.16,362.04,43.73,43.84
2026-02-25,48.75,43.83,28.67,28.1,110.73,104.12,346.08,344.41,426.16,368.0,45.31,45.43
2026-02-26,48.76,43.98,29.06,28.48,112.0,105.31,340.22,344.41,412.01,356.8,46.65,46.52
2026-02-27,48.41,43.71,29.36,28.86,114.36,106.73,337.43,344.41,406.37,352.29,44.62,44.8
2026-03-02,48.41,43.75,29.29,28.85,110.61,103.89,345.27,344.41,406.39,352.05,43.54,43.7
2026-03-03,48.35,43.61,28.49,28.13,108.41,101.34,340.3,343.39,391.06,334.78,45.23,45.52
2026-03-04,48.72,43.88,26.84,26.26,106.53,100.23,341.0,343.39,399.1,341.54,45.82,46.1
2026-03-05,48.71,43.98,26.7,26.12,104.3,98.06,319.66,343.39,395.35,337.76,46.66,47.01
2026-03-06,48.46,43.74,25.74,25.26,101.17,95.09,316.8,343.39,380.56,323.51,45.91,45.97
2026-03-09,48.84,43.99,25.42,24.88,99.94,93.95,316.08,343.39,394.37,336.37,45.25,45.14
2026-03-10,47.74,43.36,25.79,25.4,98.72,92.71,314.59,343.39,397.33,338.81,44.06,43.7
2026-03-11,47.46,42.96,24.67,24.22,96.57,90.93,314.57,312.27,401.03,342.09,44.9,44.35
2026-03-12,47.32,42.93,23.58,23.07,92.54,87.56,306.38,312.27,388.13,330.19,41.25,40.81
2026-03-13,47.61,43.09,23.85,23.49,94.96,89.74,301.59,302.51,387.33,331.32,42.9,42.15
2026-03-16,48.21,43.44,23.5,23.08,95.95,90.37,304.14,306.69,393.92,337.83,42.36,42.27
2026-03-17,48.07,43.75,23.54,23.15,97.03,90.48,307.03,306.69,396.88,340.25,45.23,45.05
2026-03-18,47.11,42.91,23.22,22.94,94.75,88.97,308.3,306.69,393.67,338.29,46.27,45.71
2026-03-19,46.87,42.46,23.59,23.31,93.72,88.32,304.37,306.69,394.92,340.2,45.54,44.89
2026-03-20,46.03,41.48,23.33,22.8,90.55,86.28,291.44,306.69,384.74,332.51,43.95,43.53
2026-03-23,46.48,41.97,23.37,22.93,93.46,88.87,296.65,306.69,391.36,336.59,44.82,44.71
2026-03-24,47.15,42.35,23.2,22.8,92.38,88.32,302.26,306.69,394.59,341.02,45.31,45.09
2026-03-25,47.39,42.54,23.87,23.49,92.19,88.33,305.95,306.69,399.02,345.25,43.6,43.4
2026-03-26,46.68,42.16,25.99,25.74,91.11,87.11,289.33,306.69,380.84,328.85,41.86,42.04
2026-03-27,46.19,41.53,27.19,27.19,90.25,86.2,288.39,306.69,374.25,323.48,40.44,40.41
2026-03-30,46.71,42.01,26.93,26.71,84.88,81.84,283.82,306.69,362.53,309.79,40.79,40.63
2026-03-31,47.15,42.7,26.79,26.44,86.84,84.12,292.64,294.91,383.4,328.66,41.38,41.39
2026-04-01,46.97,42.4,26.86,26.51,85.44,83.27,301.65,294.91,391.97,338.54,40.49,40.47
2026-04-02,48.65,43.89,27.09,26.75,86.49,84.32,290.02,298.49,392.32,339.61,40.6,40.64
2026-04-06,48.75,43.91,27.14,26.73,88.57,86.53,298.93,298.49,395.98,344.1,41.65,41.81
2026-04-07,48.58,43.9,26.68,26.55,85.62,83.19,298.06,298.49,399.9,347.76,40.79,40.92
2026-04-08,48.98,44.11,27.28,26.85,88.63,86.75,313.25,298.49,422.92,370.4,41.43,41.56
2026-04-09,49.08,44.26,30.4,30.31,88.93,86.85,318.35,316.48,430.31,378.63,40.63,40.65
2026-04-10,49.1,44.18,29.7,29.49,88.97,86.62,312.03,314.62,436.88,386.6,39.87,39.94
2026-04-13,49.28,44.31,29.59,29.27,89.79,87.38,314.47,314.62,443.34,393.34,40.49,40.63
2026-04-14,49.78,45.24,29.67,29.21,88.83,86.61,313.98,314.62,452.0,401.24,40.89,41.0
2026-04-15,50.01,45.21,30.08,29.57,88.44,86.07,313.79,311.77,453.0,401.86,43.5,43.62
2026-04-16,50.3,45.31,29.78,29.46,88.8,86.67,313.96,314.04,454.8,405.95,44.08,44.1
2026-04-17,52.82,47.63,29.73,29.15,92.79,90.15,322.75,327.7,464.16,415.71,46.86,47.01
2026-04-20,54.13,48.91,29.85,29.26,94.12,91.96,318.1,322.5,463.96,417.55,47.3,47.44
2026-04-21,53.63,48.31,29.37,28.75,94.81,92.22,307.86,307.81,464.66,420.7,46.17,46.18
2026-04-22,53.84,48.77,28.98,28.53,94.45,91.83,297.45,307.81,476.83,431.77,46.04,46.06
2026-04-23,53.11,48.37,28.93,28.4,94.18,92.14,306.0,322.0,481.85,441.0,44.5,44.5
2026-04-24,53.66,49.72,28.9,28.31,94.05,91.5,312.91,322.0,506.44,461.6,45.41,45.63
2026-04-27,53.53,49.62,28.12,27.59,93.25,90.98,307.83,313.56,506.26,455.41,45.59,45.69
2026-04-28,53.46,49.71,28.4,27.73,92.32,89.93,306.3,313.56,491.21,438.71,44.76,44.91
2026-04-29,52.28,48.89,25.4,24.87,88.71,86.17,302.02,313.56,499.58,449.99,43.41,43.45
2026-04-30,52.92,49.41,26.28,25.77,90.3,88.38,301.31,313.56,506.72,461.44,44.4,44.61
2026-05-01,54.14,50.07,26.18,25.55,88.45,86.31,300.52,301.67,509.82,465.75,45.28,45.5
2026-05-04,53.14,49.45,25.16,24.66,84.36,82.06,307.0,301.67,506.79,462.06,44.03,44.27
2026-05-05,53.27,49.41,26.85,26.26,86.2,84.13,310.68,312.41,522.69,482.73,43.54,43.88
2026-05-06,55.24,51.09,27.55,26.98,90.54,88.07,318.56,321.81,549.76,506.87,44.53,44.83
2026-05-07,55.34,51.18,28.2,27.38,87.74,84.68,316.29,322.79,540.1,492.36,43.68,44.04
2026-05-08,54.87,50.67,28.36,27.68,88.38,86.09,314.08,322.79,566.54,520.3,41.43,41.94
2026-05-11,54.34,50.22,27.46,26.83,87.09,84.88,312.97,322.79,576.31,532.76,40.44,40.65
2026-05-12,54.22,49.52,27.35,26.56,85.86,83.99,307.91,310.0,561.25,515.99,39.63,39.84
2026-05-13,54.4,50.78,27.02,26.16,84.97,82.99,307.89,312.27,572.46,528.29,38.53,38.88
2026-05-14,54.48,50.88,26.87,26.09,85.25,83.27,313.64,312.27,578.34,530.03,37.37,37.86
2026-05-15,53.95,50.4,27.36,26.38,82.3,80.32,303.61,312.27,556.34,508.52,37.66,38.06
2026-05-18,54.55,51.12,27.12,26.25,83.82,82.27,306.2,310.08,546.16,495.87,37.17,37.61
2026-05-19,53.93,50.5,26.69,25.92,83.0,81.21,304.15,310.08,543.96,496.74,36.0,36.42
2026-05-20,53.7,50.23,26.43,25.64,87.31,85.95,316.58,310.08,564.66,520.31,36.47,36.92
2026-05-21,53.49,50.01,26.85,26.04,88.83,87.03,314.95,317.18,567.88,524.71,36.75,37.25
2026-05-22,53.1,49.5,26.99,26.2,88.86,86.82,318.94,321.0,576.32,537.33,36.34,36.88
2026-05-26,53.49,49.48,26.14,25.38,89.29,87.52,342.61,345.26,602.14,570.09,35.74,36.21
2026-05-27,53.92,49.92,26.72,25.94,90.96,88.35,343.18,344.73,595.5,563.98,36.05,36.37
2026-05-28,53.88,50.05,26.74,25.96,89.75,87.59,356.94,357.74,599.83,569.47,35.44,35.8
2026-05-29,53.6,49.6,26.73,25.72,89.78,88.08,359.97,360.0,598.93,569.08,35.0,35.36
2026-06-01,53.24,49.54,25.88,25.16,90.11,87.85,369.05,360.1,607.81,571.93,36.25,36.44
2026-06-02,53.36,49.34,25.79,24.94,90.9,89.18,373.33,373.5,632.21,605.02,36.37,36.58
2026-06-03,52.46,48.38,25.54,24.76,89.46,87.57,373.94,373.5,637.9,615.68,35.51,35.59
2026-06-04,53.41,49.28,26.3,25.46,91.88,89.78,371.22,372.48,627.53,602.72,35.92,35.98
2026-06-05,53.9,49.59,26.69,26.16,90.49,88.66,368.25,320.25,569.69,539.77,35.06,35.39
2026-06-08,53.61,49.48,26.96,26.44,90.74,89.03,372.26,320.25,598.16,571.45,34.79,34.77
2026-06-09,53.69,49.84,27.12,26.73,92.56,90.88,385.23,379.66,591.01,562.14,35.45,35.83
2026-06-10,54.76,50.67,26.85,26.53,89.85,87.83,382.13,398.0,570.91,541.51,33.93,34.1
2026-06-11,55.57,51.5,27.26,26.68,94.95,92.93,405.44,400.29,609.45,586.93,32.7,33.05
2026-06-12,54.79,50.72,27.4,27.01,90.3,88.5,395.1,399.52,619.96,596.25,32.03,32.22
2026-06-15,55.01,50.82,27.15,26.94,89.75,87.93,398.03,399.52,647.1,628.45,32.36,32.68
2026-06-16,55.24,51.54,26.7,26.61,89.78,87.66,401.31,400.89,616.0,591.24,33.26,33.51
2026-06-17,55.13,51.1,25.52,25.51,86.48,84.77,411.37,410.07,623.97,599.73,32.01,32.25
2026-06-18,54.5,50.38,26.64,26.64,89.73,87.44,409.15,430.54,659.88,639.45,32.11,32.49
2026-06-22,55.29,50.89,27.29,27.26,87.44,85.23,403.3,416.0,668.91,655.01,30.31,30.46
2026-06-23,55.81,51.61,27.25,27.24,87.35,85.03,402.24,416.0,622.05,603.39,30.5,30.56
2026-06-24,56.16,51.66,28.07,27.8,92.95,91.17,404.9,407.37,618.92,601.5,30.54,30.5
2026-06-25,55.62,50.78,28.14,27.68,93.86,91.72,416.26,420.0,636.88,625.2,29.41,29.14
2026-06-26,56.51,51.96,28.62,27.96,93.52,91.9,425.36,424.2,611.61,589.94,31.15,31.18
2026-06-29,56.47,51.38,28.25,27.72,90.85,88.89,425.85,424.2,631.98,614.35,31.38,31.39
2026-06-30,56.31,51.9,27.36,26.65,90.49,88.71,423.84,427.16,655.89,640.76,31.52,31.37
2026-07-01,56.97,51.65,26.52,25.83,87.06,85.04,421.0,423.82,620.46,599.7,33.02,32.65
2026-07-02,57.61,52.77,26.76,26.16,88.21,86.27,417.42,423.82,592.29,566.32,33.43,33.42
2026-07-06,56.52,52.0,26.46,25.75,87.65,85.92,424.46,428.39,604.3,581.51,32.96,32.95
2026-07-07,57.17,52.87,26.51,25.91,86.74,85.02,412.01,428.39,581.45,551.69,32.78,32.69
2026-07-08,56.82,51.75,26.36,25.78,83.59,81.6,405.92,405.68,593.0,562.03,32.27,32.13
2026-07-09,56.81,52.04,25.69,25.22,84.35,82.67,408.46,405.68,607.73,581.7,33.44,33.21
2026-07-10,55.74,51.18,26.6,26.17,84.27,82.55,407.11,411.16,611.03,581.34,32.19,32.0
2026-07-13,57.45,52.56,26.67,26.25,82.84,81.19,392.0,401.66,585.62,553.61,32.19,31.94
2026-07-14,57.01,52.08,25.71,25.1,83.71,82.2,391.5,389.6,600.31,567.92,31.86,31.8
2026-07-15,56.53,51.28,25.47,25.07,85.29,83.4,396.19,389.6,590.77,555.27,33.84,33.74
2026-07-16,57.75,52.27,26.38,25.96,86.4,84.74,382.48,395.72,568.92,530.5,34.08,33.99
2026-07-17,56.66,51.66,26.13,25.58,83.89,82.17,393.31,395.72,556.53,521.81,33.91,33.71
2026-07-20,56.36,51.23,27.03,26.41,82.9,81.35,395.96,395.72,558.83,524.14,33.03,32.84
2026-07-21,55.51,50.29,26.75,26.29,81.84,80.41,405.38,395.72,584.08,552.69,31.85,31.8
2026-07-22,55.19,50.15,26.9,26.41,82.15,80.57,402.91,403.32,586.91,555.52,31.36,31.35
2026-07-23,54.52,50.0,26.25,25.7,82.13,80.72,409.65,403.32,580.17,551.24,29.58,29.56
2026-07-24,55.04,50.28,26.71,26.08,84.64,82.92,410.13,403.32,561.19,527.01,30.76,30.68
2026-07-27,55.05,50.74,27.93,27.4,85.04,83.3,417.42,428.13,548.55,516.23,32.0,31.99
2026-07-28,55.03,50.91,29.3,28.9,87.65,86.12,414.56,428.13,529.6,491.46,33.67,33.81
2026-07-29,54.78,51.21,29.87,29.52,84.56,82.49,389.87,399.48,504.22,465.0,34.0,34.32
2026-07-30,54.36,50.8,29.21,28.83,83.75,81.76,419.25,399.48,538.9,504.53,33.71,34.05
2026-07-31,54.41,50.83,29.22,28.73,82.35,80.7,389.85,399.48,540.53,504.89,34.06,34.69
2026-08-03,54.45,50.99,28.12,27.81,85.2,83.39,395.88,396.96,545.46,507.68,35.12,35.8
2026-08-04,54.8,51.2,28.86,28.47,87.02,85.41,408.79,392.94,575.71,542.21,36.28,37.03
2026-08-05,52.78,49.75,28.69,28.38,87.88,86.44,408.57,392.94,569.7,530.7,36.1,36.89
2026-08-06,52.6,48.81,28.62,28.27,84.82,83.28,411.13,412.59,571.48,532.52,33.43,33.76
2026-08-07,53.46,50.06,29.06,28.52,88.18,86.48,403.11,411.85,582.7,543.27,33.61,33.95
2026-08-10,53.29,50.04,28.68,28.19,85.6,83.82,409.75,411.85,569.41,529.39,33.75,34.07
2026-08-11,54.39,50.96,28.41,28.03,87.55,86.2,416.98,411.85,572.93,534.2,34.14,34.27
2026-08-12,56.56,53.0,28.4,27.92,85.2,83.42,428.82,411.85,584.83,546.61,33.26,33.49
2026-08-13,56.69,53.16,28.55,28.03,87.54,85.82,427.16,411.85,589.12,550.74,35.92,36.23
2026-08-14,57.33,53.58,28.9,28.42,86.83,85.36,441.21,411.85,587.82,550.42,34.78,35.16
2026-08-17,56.12,52.72,28.05,27.58,86.54,84.8,445.38,450.0,594.07,559.12,33.72,34.32
2026-08-18,56.43,52.31,27.8,27.15,84.94,83.5,437.71,445.95,569.77,531.39,34.57,35.28
2026-08-19,57.24,53.56,29.2,28.43,87.3,85.87,410.94,417.7,560.92,519.67,36.58,37.44
2026-08-20,56.98,52.98,28.96,28.41,85.42,83.84,381.52,384.34,562.65,522.35,35.72,36.57
2026-08-21,56.67,51.93,29.06,28.44,87.02,85.49,389.14,397.1,560.42,520.05,35.88,36.78
2026-08-24,57.36,52.5,29.35,28.75,88.16,86.77,379.8,387.62,546.8,506.18,37.05,37.95
2026-08-25,57.79,52.97,28.92,28.18,87.68,86.12,376.73,385.71,555.82,514.06,36.09,37.09
2026-08-26,56.55,51.65,28.72,28.07,87.15,85.61,384.03,385.0,555.77,515.4,34.95,35.98
2026-08-27,55.76,50.83,27.74,27.28,85.11,83.45,383.23,385.0,573.0,525.43,35.43,36.35
2026-08-28,55.72,50.55,27.75,27.22,86.33,84.95,374.66,385.0,553.11,508.62,35.66,36.61
2026-08-31,55.01,49.58,27.24,26.57,84.11,82.26,371.5,375.0,556.63,511.04,34.96,35.79
2026-09-01,55.46,50.21,27.01,26.36,82.75,81.4,365.03,373.4,545.22,500.31,33.45,34.36
2026-09-02,56.75,51.27,27.92,27.38,83.58,82.15,365.16,373.49,550.48,501.44,34.58,35.44
2026-09-03,56.03,50.78,27.92,27.51,84.45,82.84,370.12,368.03,552.6,502.2,35.34,36.04
2026-09-04,55.86,50.44,27.13,26.73,83.58,82.17,371.68,374.49,567.01,519.86,34.59,35.32
2026-09-08,55.7,50.46,26.78,26.39,80.37,78.98,369.61,378.45,573.73,528.4,32.36,33.03
2026-09-09,54.91,49.65,26.56,26.15,80.76,79.13,367.51,370.11,574.29,532.0,32.14,32.8
2026-09-10,54.72,49.46,26.98,26.59,77.9,76.56,366.72,370.11,560.28,517.43,31.25,31.88
2026-09-11,54.1,48.84,26.64,26.22,79.6,78.27,367.02,365.95,568.53,527.07,32.5,33.23
2026-09-14,55.26,49.91,26.75,26.24,79.99,78.67,362.41,365.95,541.5,497.4,33.18,33.83
2026-09-15,56.0,50.7,26.61,26.18,80.07,78.57,356.7,365.45,542.11,498.85,32.52,33.18
2026-09-16,55.96,50.68,26.27,25.74,78.36,76.83,359.7,365.45,545.56,502.06,31.31,32.0
2026-09-17,55.87,50.62,26.85,26.5,79.7,78.33,355.63,362.0,560.61,519.1,30.1,30.66
2026-09-18,55.84,50.57,26.52,25.94,76.43,74.71,364.64,362.0,573.0,533.07,29.81,30.25
2026-09-21,57.34,52.22,26.73,26.15,78.08,76.71,369.42,376.81,596.03,559.34,30.65,31.13
2026-09-22,57.74,52.84,26.94,26.56,83.06,81.46,367.83,376.81,607.46,572.78,30.95,31.59
2021-09-23,27.12,26.52,,,,,,,,,,
